Time,Date,Day of the week,CarCount,BikeCount,BusCount,TruckCount,Total,Traffic Situation
4:00:00 AM,10,Tuesday,82,7,3,10,102,low
4:30:00 AM,10,Tuesday,89,10,2,10,111,low
4:45:00 AM,10,Tuesday,77,3,0,18,98,low
7:45:00 AM,10,Tuesday,143,30,17,12,202,heavy
8:00:00 AM,10,Tuesday,134,18,21,11,184,heavy
8:15:00 AM,10,Tuesday,134,30,15,14,193,heavy
8:45:00 AM,10,Tuesday,139,12,22,13,186,heavy
9:15:00 AM,10,Tuesday,33,12,9,6,60,low
9:30:00 AM,10,Tuesday,69,9,26,9,113,high
9:45:00 AM,10,Tuesday,69,12,10,5,96,low
10:00:00 AM,10,Tuesday,55,11,9,17,92,low
10:30:00 AM,10,Tuesday,53,13,7,5,78,low
1:15:00 PM,10,Tuesday,73,15,3,17,108,low
2:15:00 PM,10,Tuesday,76,15,32,17,140,high
3:45:00 PM,10,Tuesday,150,21,10,14,195,heavy
4:00:00 PM,10,Tuesday,126,27,40,19,212,heavy
4:15:00 PM,10,Tuesday,144,7,35,17,203,heavy
4:30:00 PM,10,Tuesday,145,13,12,18,188,heavy
4:45:00 PM,10,Tuesday,121,29,27,15,192,heavy
5:00:00 PM,10,Tuesday,150,21,37,19,227,heavy
5:30:00 PM,10,Tuesday,129,20,35,18,202,heavy
5:45:00 PM,10,Tuesday,114,7,39,19,179,heavy
6:00:00 PM,10,Tuesday,109,10,26,17,162,high
7:00:00 PM,10,Tuesday,107,2,15,35,159,high
8:45:00 PM,10,Tuesday,78,6,16,35,135,high
9:00:00 PM,10,Tuesday,70,20,10,33,133,high
4:00:00 AM,11,Wednesday,72,7,2,14,95,low
4:45:00 AM,11,Wednesday,73,6,6,15,100,low
5:00:00 AM,11,Wednesday,57,0,0,15,72,low
5:30:00 AM,11,Wednesday,54,6,3,18,81,low
6:30:00 AM,11,Wednesday,135,13,18,6,172,heavy
7:30:00 AM,11,Wednesday,134,20,24,8,186,heavy
7:45:00 AM,11,Wednesday,120,26,17,8,171,heavy
8:00:00 AM,11,Wednesday,142,19,16,5,182,heavy
8:15:00 AM,11,Wednesday,121,28,20,15,184,heavy
8:45:00 AM,11,Wednesday,140,15,14,12,181,heavy
9:00:00 AM,11,Wednesday,68,12,29,12,121,high
9:15:00 AM,11,Wednesday,56,7,14,15,92,low
2:15:00 PM,11,Wednesday,88,14,32,26,160,high
3:15:00 PM,11,Wednesday,61,11,27,22,121,high
4:00:00 PM,11,Wednesday,110,9,37,13,169,heavy
4:15:00 PM,11,Wednesday,116,12,39,12,179,heavy
4:30:00 PM,11,Wednesday,100,27,39,13,179,heavy
4:45:00 PM,11,Wednesday,118,11,28,11,168,heavy
5:00:00 PM,11,Wednesday,137,14,13,13,177,heavy
5:15:00 PM,11,Wednesday,130,23,14,18,185,heavy
5:30:00 PM,11,Wednesday,146,13,10,18,187,heavy
6:15:00 PM,11,Wednesday,114,24,31,10,179,heavy
7:15:00 PM,11,Wednesday,72,1,9,32,114,high
7:30:00 PM,11,Wednesday,92,20,11,31,154,high
8:45:00 PM,11,Wednesday,62,7,7,13,89,low
9:30:00 PM,11,Wednesday,62,1,5,10,78,low
4:15:00 AM,12,Thursday,57,9,0,15,81,low
4:30:00 AM,12,Thursday,61,5,0,11,77,low
5:00:00 AM,12,Thursday,59,8,5,18,90,low
5:30:00 AM,12,Thursday,72,3,5,10,90,low
6:00:00 AM,12,Thursday,132,16,23,9,180,heavy
6:30:00 AM,12,Thursday,117,18,22,12,169,heavy
6:45:00 AM,12,Thursday,149,15,10,15,189,heavy
7:30:00 AM,12,Thursday,140,14,12,12,178,heavy
8:00:00 AM,12,Thursday,146,17,20,6,189,heavy
8:15:00 AM,12,Thursday,148,16,25,6,195,heavy
8:30:00 AM,12,Thursday,125,21,22,11,179,heavy
9:15:00 AM,12,Thursday,56,12,30,16,114,high
9:45:00 AM,12,Thursday,52,8,5,12,77,low
10:30:00 AM,12,Thursday,76,6,8,14,104,low
11:45:00 AM,12,Thursday,64,9,8,34,115,high
1:00:00 PM,12,Thursday,47,13,0,18,78,low
3:00:00 PM,12,Thursday,96,20,28,14,158,high
3:45:00 PM,12,Thursday,133,6,21,15,175,heavy
4:00:00 PM,12,Thursday,128,11,38,14,191,heavy
4:15:00 PM,12,Thursday,123,27,34,13,197,heavy
4:30:00 PM,12,Thursday,129,23,17,16,185,heavy
4:45:00 PM,12,Thursday,104,22,40,11,177,heavy
5:00:00 PM,12,Thursday,128,9,19,14,170,heavy
5:15:00 PM,12,Thursday,130,10,38,11,189,heavy
5:30:00 PM,12,Thursday,146,14,35,15,210,heavy
5:45:00 PM,12,Thursday,120,22,32,17,191,heavy
6:00:00 PM,12,Thursday,102,25,31,14,172,heavy
7:45:00 PM,12,Thursday,59,5,6,11,81,low
8:45:00 PM,12,Thursday,53,14,19,33,119,high
4:15:00 AM,13,Friday,52,5,2,54,113,high
4:30:00 AM,13,Friday,64,7,3,59,133,high
5:00:00 AM,13,Friday,79,2,2,48,131,high
5:45:00 AM,13,Friday,72,5,3,57,137,high
6:15:00 AM,13,Friday,58,10,1,58,127,high
7:45:00 AM,13,Friday,77,0,3,44,124,high
8:00:00 AM,13,Friday,65,10,1,52,128,high
8:15:00 AM,13,Friday,65,6,3,55,129,high
8:30:00 AM,13,Friday,78,6,2,35,121,high
9:00:00 AM,13,Friday,144,42,11,7,204,heavy
9:15:00 AM,13,Friday,125,29,19,6,179,heavy
9:30:00 AM,13,Friday,114,50,6,8,178,heavy
9:45:00 AM,13,Friday,136,24,20,6,186,heavy
10:00:00 AM,13,Friday,114,37,19,7,177,heavy
10:15:00 AM,13,Friday,141,50,16,5,212,heavy
10:30:00 AM,13,Friday,117,50,20,10,197,heavy
11:00:00 AM,13,Friday,131,39,5,5,180,heavy
11:45:00 AM,13,Friday,146,24,13,6,189,heavy
12:00:00 PM,13,Friday,134,26,14,6,180,heavy
12:15:00 PM,13,Friday,111,46,19,8,184,heavy
12:30:00 PM,13,Friday,106,37,19,8,170,heavy
12:45:00 PM,13,Friday,128,36,12,9,185,heavy
1:15:00 PM,13,Friday,142,21,7,9,179,heavy
2:00:00 PM,13,Friday,139,47,7,8,201,heavy
2:15:00 PM,13,Friday,127,28,20,10,185,heavy
2:30:00 PM,13,Friday,126,39,13,7,185,heavy
3:00:00 PM,13,Friday,66,5,5,17,93,low
3:30:00 PM,13,Friday,50,6,15,9,80,low
3:45:00 PM,13,Friday,50,13,1,11,75,low
4:30:00 PM,13,Friday,80,7,0,9,96,low
4:45:00 PM,13,Friday,71,5,10,5,91,low
5:00:00 PM,13,Friday,83,11,2,12,108,low
5:15:00 PM,13,Friday,54,5,6,10,75,low
5:30:00 PM,13,Friday,55,6,4,10,75,low
5:45:00 PM,13,Friday,56,15,14,5,90,low
6:00:00 PM,13,Friday,71,8,13,12,104,low
6:15:00 PM,13,Friday,59,5,13,18,95,low
6:30:00 PM,13,Friday,62,14,4,10,90,low
4:15:00 AM,14,Saturday,74,10,1,10,95,low
5:45:00 AM,14,Saturday,134,12,20,5,171,heavy
6:15:00 AM,14,Saturday,132,10,20,13,175,heavy
7:15:00 AM,14,Saturday,141,16,25,10,192,heavy
7:30:00 AM,14,Saturday,108,29,23,11,171,heavy
7:45:00 AM,14,Saturday,147,27,25,7,206,heavy
8:15:00 AM,14,Saturday,141,30,19,7,197,heavy
8:30:00 AM,14,Saturday,118,23,19,15,175,heavy
9:30:00 AM,14,Saturday,71,15,7,10,103,low
9:45:00 AM,14,Saturday,58,5,5,7,75,low
1:45:00 PM,14,Saturday,82,16,32,22,152,high
2:15:00 PM,14,Saturday,18,16,10,14,58,low
2:30:00 PM,14,Saturday,57,12,30,15,114,high
3:00:00 PM,14,Saturday,6,4,5,10,25,low
3:15:00 PM,14,Saturday,78,19,30,23,150,high
3:45:00 PM,14,Saturday,129,18,12,17,176,heavy
4:00:00 PM,14,Saturday,114,9,39,11,173,heavy
4:15:00 PM,14,Saturday,139,8,40,17,204,heavy
4:45:00 PM,14,Saturday,129,11,12,20,172,heavy
5:00:00 PM,14,Saturday,149,22,31,13,215,heavy
5:15:00 PM,14,Saturday,120,27,37,12,196,heavy
5:30:00 PM,14,Saturday,120,6,37,18,181,heavy
5:45:00 PM,14,Saturday,124,28,32,18,202,heavy
6:00:00 PM,14,Saturday,116,10,28,19,173,heavy
6:30:00 PM,14,Saturday,88,8,20,33,149,high
7:00:00 PM,14,Saturday,94,17,19,35,165,high
7:45:00 PM,14,Saturday,74,8,10,13,105,low
8:00:00 PM,14,Saturday,92,9,11,32,144,high
4:00:00 AM,15,Sunday,76,7,2,14,99,low
4:30:00 AM,15,Sunday,54,8,0,16,78,low
5:45:00 AM,15,Sunday,128,11,25,13,177,heavy
6:00:00 AM,15,Sunday,131,23,15,11,180,heavy
6:15:00 AM,15,Sunday,140,24,17,8,189,heavy
6:30:00 AM,15,Sunday,113,23,23,10,169,heavy
7:00:00 AM,15,Sunday,143,11,11,12,177,heavy
7:15:00 AM,15,Sunday,137,24,25,8,194,heavy
8:30:00 AM,15,Sunday,134,13,24,11,182,heavy
8:45:00 AM,15,Sunday,137,13,20,9,179,heavy
9:30:00 AM,15,Sunday,77,5,5,14,101,low
10:00:00 AM,15,Sunday,68,14,30,19,131,high
10:15:00 AM,15,Sunday,46,5,11,13,75,low
1:00:00 PM,15,Sunday,36,16,12,13,77,low
2:15:00 PM,15,Sunday,95,6,27,14,142,high
2:30:00 PM,15,Sunday,39,13,8,11,71,low
2:45:00 PM,15,Sunday,54,15,8,11,88,low
3:00:00 PM,15,Sunday,28,19,13,11,71,low
3:30:00 PM,15,Sunday,29,18,9,15,71,low
3:45:00 PM,15,Sunday,122,18,18,19,177,heavy
4:00:00 PM,15,Sunday,150,30,14,17,211,heavy
4:15:00 PM,15,Sunday,113,25,28,12,178,heavy
4:30:00 PM,15,Sunday,116,23,39,17,195,heavy
4:45:00 PM,15,Sunday,127,14,40,11,192,heavy
5:00:00 PM,15,Sunday,116,15,33,20,184,heavy
5:15:00 PM,15,Sunday,136,15,15,18,184,heavy
5:45:00 PM,15,Sunday,109,25,35,12,181,heavy
6:00:00 PM,15,Sunday,134,21,26,15,196,heavy
6:15:00 PM,15,Sunday,135,10,36,15,196,heavy
7:15:00 PM,15,Sunday,52,17,5,16,90,low
8:00:00 PM,15,Sunday,67,7,20,33,127,high
6:00:00 AM,16,Monday,147,26,11,5,189,heavy
7:15:00 AM,16,Monday,130,16,10,15,171,heavy
7:45:00 AM,16,Monday,138,22,20,8,188,heavy
8:00:00 AM,16,Monday,128,16,22,12,178,heavy
8:30:00 AM,16,Monday,141,27,12,9,189,heavy
10:30:00 AM,16,Monday,61,8,7,18,94,low
2:45:00 PM,16,Monday,35,18,3,16,72,low
3:30:00 PM,16,Monday,30,19,14,18,81,low
3:45:00 PM,16,Monday,125,11,26,11,173,heavy
4:00:00 PM,16,Monday,130,10,30,20,190,heavy
4:15:00 PM,16,Monday,149,27,24,19,219,heavy
4:30:00 PM,16,Monday,107,25,38,14,184,heavy
4:45:00 PM,16,Monday,129,16,23,10,178,heavy
5:00:00 PM,16,Monday,131,7,33,13,184,heavy
5:15:00 PM,16,Monday,124,20,13,14,171,heavy
5:45:00 PM,16,Monday,144,13,12,20,189,heavy
6:00:00 PM,16,Monday,148,9,37,18,212,heavy
6:15:00 PM,16,Monday,141,11,33,16,201,heavy
6:45:00 PM,16,Monday,85,7,13,31,136,high
7:00:00 PM,16,Monday,101,0,19,33,153,high
8:15:00 PM,16,Monday,78,3,12,33,126,high
9:15:00 PM,16,Monday,61,10,14,35,120,high
4:00:00 AM,17,Tuesday,83,9,0,14,106,low
4:30:00 AM,17,Tuesday,76,4,6,15,101,low
4:45:00 AM,17,Tuesday,59,5,2,11,77,low
5:15:00 AM,17,Tuesday,71,4,6,17,98,low
6:00:00 AM,17,Tuesday,136,30,11,5,182,heavy
6:30:00 AM,17,Tuesday,131,19,18,11,179,heavy
8:15:00 AM,17,Tuesday,109,29,25,11,174,heavy
9:30:00 AM,17,Tuesday,35,14,14,12,75,low
10:00:00 AM,17,Tuesday,59,10,7,16,92,low
10:15:00 AM,17,Tuesday,56,12,7,6,81,low
10:30:00 AM,17,Tuesday,77,10,5,18,110,low
11:45:00 AM,17,Tuesday,70,1,11,31,113,high
1:30:00 PM,17,Tuesday,17,8,12,10,47,low
2:00:00 PM,17,Tuesday,38,1,0,10,49,low
3:15:00 PM,17,Tuesday,59,15,31,29,134,high
3:45:00 PM,17,Tuesday,116,19,35,11,181,heavy
4:00:00 PM,17,Tuesday,123,5,31,13,172,heavy
5:15:00 PM,17,Tuesday,142,22,25,18,207,heavy
6:00:00 PM,17,Tuesday,101,30,23,18,172,heavy
6:15:00 PM,17,Tuesday,138,16,14,19,187,heavy
6:45:00 PM,17,Tuesday,70,17,20,34,141,high
7:30:00 PM,17,Tuesday,83,1,5,31,120,high
8:45:00 PM,17,Tuesday,110,2,14,31,157,high
9:15:00 PM,17,Tuesday,53,18,10,35,116,high
9:30:00 PM,17,Tuesday,65,2,13,33,113,high
4:15:00 AM,18,Wednesday,60,0,6,18,84,low
4:30:00 AM,18,Wednesday,54,6,6,14,80,low
5:00:00 AM,18,Wednesday,68,6,6,11,91,low
6:00:00 AM,18,Wednesday,120,28,20,10,178,heavy
6:45:00 AM,18,Wednesday,141,30,24,12,207,heavy
7:00:00 AM,18,Wednesday,144,26,18,13,201,heavy
7:30:00 AM,18,Wednesday,118,27,10,12,167,low
7:45:00 AM,18,Wednesday,136,16,24,10,186,heavy
8:00:00 AM,18,Wednesday,139,30,21,15,205,heavy
8:30:00 AM,18,Wednesday,127,18,11,15,171,heavy
9:15:00 AM,18,Wednesday,56,7,8,14,85,low
9:30:00 AM,18,Wednesday,34,7,8,9,58,low
9:45:00 AM,18,Wednesday,57,10,15,12,94,low
10:00:00 AM,18,Wednesday,44,15,9,18,86,low
1:30:00 PM,18,Wednesday,47,10,13,13,83,low
2:00:00 PM,18,Wednesday,49,8,4,16,77,low
2:15:00 PM,18,Wednesday,55,2,35,21,113,high
2:45:00 PM,18,Wednesday,73,9,28,17,127,high
3:15:00 PM,18,Wednesday,67,1,12,17,97,low
3:45:00 PM,18,Wednesday,145,14,35,10,204,heavy
4:00:00 PM,18,Wednesday,107,10,32,10,159,high
4:15:00 PM,18,Wednesday,100,17,31,15,163,high
4:30:00 PM,18,Wednesday,126,20,37,10,193,heavy
4:45:00 PM,18,Wednesday,147,23,39,13,222,heavy
5:15:00 PM,18,Wednesday,147,29,10,18,204,heavy
5:30:00 PM,18,Wednesday,115,11,27,13,166,high
5:45:00 PM,18,Wednesday,132,12,19,15,178,heavy
6:15:00 PM,18,Wednesday,119,28,37,12,196,heavy
8:15:00 PM,18,Wednesday,73,20,14,31,138,high
9:00:00 PM,18,Wednesday,63,8,6,13,90,low
4:30:00 AM,19,Thursday,61,7,1,14,83,low
6:30:00 AM,19,Thursday,127,20,13,14,174,heavy
6:45:00 AM,19,Thursday,130,13,14,13,170,heavy
8:45:00 AM,19,Thursday,147,18,20,5,190,heavy
9:45:00 AM,19,Thursday,51,15,9,13,88,low
10:15:00 AM,19,Thursday,49,7,15,6,77,low
10:30:00 AM,19,Thursday,54,13,5,6,78,low
1:15:00 PM,19,Thursday,27,8,10,12,57,low
2:00:00 PM,19,Thursday,66,18,29,10,123,high
3:45:00 PM,19,Thursday,141,6,33,12,192,heavy
4:00:00 PM,19,Thursday,145,13,19,10,187,heavy
4:45:00 PM,19,Thursday,101,11,38,18,168,heavy
5:00:00 PM,19,Thursday,142,28,34,20,224,heavy
5:15:00 PM,19,Thursday,124,21,13,11,169,heavy
5:30:00 PM,19,Thursday,115,22,15,19,171,heavy
6:15:00 PM,19,Thursday,141,20,12,16,189,heavy
6:45:00 PM,19,Thursday,67,10,19,34,130,high
7:00:00 PM,19,Thursday,56,7,18,34,115,high
7:15:00 PM,19,Thursday,99,13,16,34,162,high
9:30:00 PM,19,Thursday,60,0,14,11,85,low
4:00:00 AM,20,Friday,75,0,0,54,129,high
4:15:00 AM,20,Friday,60,9,2,50,121,high
5:00:00 AM,20,Friday,73,6,0,53,132,high
6:00:00 AM,20,Friday,73,6,3,43,125,high
6:15:00 AM,20,Friday,78,0,3,53,134,high
6:45:00 AM,20,Friday,57,5,1,49,112,high
7:45:00 AM,20,Friday,65,6,4,44,119,high
8:30:00 AM,20,Friday,68,10,5,55,138,high
9:00:00 AM,20,Friday,136,49,19,10,214,heavy
9:30:00 AM,20,Friday,138,37,15,7,197,heavy
9:45:00 AM,20,Friday,142,34,9,10,195,heavy
10:30:00 AM,20,Friday,140,34,6,7,187,heavy
11:00:00 AM,20,Friday,128,24,20,7,179,heavy
11:15:00 AM,20,Friday,124,26,16,5,171,heavy
11:30:00 AM,20,Friday,150,44,13,7,214,heavy
11:45:00 AM,20,Friday,146,21,12,5,184,heavy
12:00:00 PM,20,Friday,146,50,13,9,218,heavy
12:15:00 PM,20,Friday,121,38,19,9,187,heavy
12:30:00 PM,20,Friday,150,42,20,5,217,heavy
1:15:00 PM,20,Friday,118,31,13,10,172,heavy
1:30:00 PM,20,Friday,106,47,12,9,174,heavy
1:45:00 PM,20,Friday,136,33,16,5,190,heavy
2:15:00 PM,20,Friday,135,33,8,9,185,heavy
2:30:00 PM,20,Friday,125,33,12,10,180,heavy
2:45:00 PM,20,Friday,150,45,20,9,224,heavy
3:00:00 PM,20,Friday,85,14,2,9,110,low
3:15:00 PM,20,Friday,62,8,8,15,93,low
3:30:00 PM,20,Friday,68,9,15,15,107,low
3:45:00 PM,20,Friday,54,6,7,16,83,low
4:00:00 PM,20,Friday,70,5,7,14,96,low
4:15:00 PM,20,Friday,77,8,10,6,101,low
4:45:00 PM,20,Friday,74,13,0,16,103,low
5:00:00 PM,20,Friday,74,9,2,11,96,low
5:30:00 PM,20,Friday,66,12,8,16,102,low
5:45:00 PM,20,Friday,80,5,11,13,109,low
4:00:00 AM,21,Saturday,66,2,5,13,86,low
4:30:00 AM,21,Saturday,87,4,1,10,102,low
5:15:00 AM,21,Saturday,70,3,3,15,91,low
5:45:00 AM,21,Saturday,150,30,20,13,213,heavy
7:00:00 AM,21,Saturday,136,12,22,5,175,heavy
8:00:00 AM,21,Saturday,138,19,24,6,187,heavy
8:30:00 AM,21,Saturday,125,27,20,14,186,heavy
8:45:00 AM,21,Saturday,132,25,14,14,185,heavy
9:15:00 AM,21,Saturday,40,5,5,10,60,low
10:15:00 AM,21,Saturday,52,5,15,12,84,low
12:00:00 PM,21,Saturday,70,3,7,33,113,high
1:15:00 PM,21,Saturday,74,3,32,27,136,high
1:45:00 PM,21,Saturday,16,20,1,14,51,low
4:00:00 PM,21,Saturday,136,12,37,18,203,heavy
4:15:00 PM,21,Saturday,105,17,34,16,172,heavy
4:30:00 PM,21,Saturday,133,14,37,13,197,heavy
4:45:00 PM,21,Saturday,132,19,32,17,200,heavy
5:00:00 PM,21,Saturday,129,7,22,19,177,heavy
5:15:00 PM,21,Saturday,107,12,26,19,164,high
5:30:00 PM,21,Saturday,133,16,28,17,194,heavy
5:45:00 PM,21,Saturday,114,17,28,18,177,heavy
6:00:00 PM,21,Saturday,134,5,27,15,181,heavy
6:15:00 PM,21,Saturday,103,14,39,20,176,heavy
6:45:00 PM,21,Saturday,107,10,20,35,172,heavy
7:30:00 PM,21,Saturday,78,9,7,12,106,low
8:30:00 PM,21,Saturday,87,7,5,11,110,low
9:00:00 PM,21,Saturday,95,0,5,11,111,low
4:15:00 AM,22,Sunday,70,4,0,14,88,low
4:30:00 AM,22,Sunday,72,8,4,18,102,low
5:45:00 AM,22,Sunday,131,30,19,5,185,heavy
6:00:00 AM,22,Sunday,117,21,21,11,170,heavy
6:15:00 AM,22,Sunday,145,26,14,9,194,heavy
7:00:00 AM,22,Sunday,130,19,13,9,171,heavy
8:45:00 AM,22,Sunday,128,25,13,10,176,heavy
9:15:00 AM,22,Sunday,56,7,15,12,90,low
9:30:00 AM,22,Sunday,46,9,10,15,80,low
9:45:00 AM,22,Sunday,49,6,11,14,80,low
12:30:00 PM,22,Sunday,66,10,13,35,124,high
1:00:00 PM,22,Sunday,84,3,0,12,99,low
2:45:00 PM,22,Sunday,77,16,33,16,142,high
3:00:00 PM,22,Sunday,67,8,32,11,118,high
3:30:00 PM,22,Sunday,77,6,9,18,110,low
4:00:00 PM,22,Sunday,130,17,27,10,184,heavy
4:15:00 PM,22,Sunday,149,17,11,19,196,heavy
4:30:00 PM,22,Sunday,132,20,39,15,206,heavy
5:15:00 PM,22,Sunday,136,19,37,14,206,heavy
5:30:00 PM,22,Sunday,120,5,34,18,177,heavy
5:45:00 PM,22,Sunday,126,16,15,20,177,heavy
6:00:00 PM,22,Sunday,125,5,34,18,182,heavy
7:45:00 PM,22,Sunday,51,4,8,11,74,low
8:30:00 PM,22,Sunday,88,20,15,35,158,high
9:00:00 PM,22,Sunday,94,3,5,33,135,high
9:15:00 PM,22,Sunday,68,1,13,32,114,high
4:00:00 AM,23,Monday,63,10,5,13,91,low
4:15:00 AM,23,Monday,72,3,2,13,90,low
4:45:00 AM,23,Monday,83,0,6,14,103,low
5:00:00 AM,23,Monday,88,0,2,15,105,low
5:15:00 AM,23,Monday,55,9,2,14,80,low
5:30:00 AM,23,Monday,86,1,4,11,102,low
6:15:00 AM,23,Monday,101,30,22,15,168,heavy
6:30:00 AM,23,Monday,123,30,20,8,181,heavy
7:00:00 AM,23,Monday,142,10,16,8,176,heavy
8:00:00 AM,23,Monday,125,19,23,7,174,heavy
8:15:00 AM,23,Monday,111,27,25,5,168,heavy
9:00:00 AM,23,Monday,55,10,5,8,78,low
9:30:00 AM,23,Monday,50,11,13,15,89,low
9:45:00 AM,23,Monday,63,14,27,14,118,high
10:30:00 AM,23,Monday,32,13,8,11,64,low
1:00:00 PM,23,Monday,53,13,7,15,88,low
1:30:00 PM,23,Monday,72,15,6,10,103,low
1:45:00 PM,23,Monday,69,5,35,23,132,high
2:00:00 PM,23,Monday,38,15,8,15,76,low
2:15:00 PM,23,Monday,41,8,5,14,68,low
3:45:00 PM,23,Monday,118,9,29,18,174,heavy
4:15:00 PM,23,Monday,131,29,15,18,193,heavy
4:30:00 PM,23,Monday,128,14,22,20,184,heavy
5:00:00 PM,23,Monday,116,26,22,18,182,heavy
5:15:00 PM,23,Monday,140,26,31,16,213,heavy
5:30:00 PM,23,Monday,141,27,23,16,207,heavy
5:45:00 PM,23,Monday,147,17,20,19,203,heavy
6:00:00 PM,23,Monday,137,23,25,10,195,heavy
6:15:00 PM,23,Monday,115,18,24,20,177,heavy
6:45:00 PM,23,Monday,55,9,5,10,79,low
7:00:00 PM,23,Monday,99,16,14,35,164,high
8:30:00 PM,23,Monday,71,6,20,33,130,high
8:45:00 PM,23,Monday,105,12,17,31,165,high
4:00:00 AM,24,Tuesday,78,0,2,17,97,low
5:00:00 AM,24,Tuesday,50,5,2,17,74,low
5:15:00 AM,24,Tuesday,79,9,5,14,107,low
6:00:00 AM,24,Tuesday,114,23,23,9,169,heavy
6:30:00 AM,24,Tuesday,137,14,13,13,177,heavy
7:45:00 AM,24,Tuesday,135,30,17,10,192,heavy
8:00:00 AM,24,Tuesday,118,25,18,9,170,heavy
8:30:00 AM,24,Tuesday,142,13,11,10,176,heavy
8:45:00 AM,24,Tuesday,128,30,15,14,187,heavy
9:45:00 AM,24,Tuesday,58,14,5,5,82,low
1:00:00 PM,24,Tuesday,59,10,29,18,116,high
1:30:00 PM,24,Tuesday,7,11,1,12,31,low
2:00:00 PM,24,Tuesday,61,16,1,14,92,low
3:30:00 PM,24,Tuesday,72,2,27,16,117,high
3:45:00 PM,24,Tuesday,119,28,17,18,182,heavy
4:00:00 PM,24,Tuesday,124,26,26,15,191,heavy
4:15:00 PM,24,Tuesday,123,27,23,13,186,heavy
4:30:00 PM,24,Tuesday,129,20,32,20,201,heavy
4:45:00 PM,24,Tuesday,143,6,38,13,200,heavy
5:00:00 PM,24,Tuesday,109,9,28,19,165,high
5:15:00 PM,24,Tuesday,119,29,25,11,184,heavy
5:30:00 PM,24,Tuesday,120,19,16,16,171,heavy
5:45:00 PM,24,Tuesday,133,24,17,18,192,heavy
6:00:00 PM,24,Tuesday,132,23,29,13,197,heavy
8:00:00 PM,24,Tuesday,59,14,9,10,92,low
8:15:00 PM,24,Tuesday,78,4,11,17,110,low
8:45:00 PM,24,Tuesday,56,20,6,32,114,high
9:15:00 PM,24,Tuesday,75,19,13,32,139,high
5:45:00 AM,25,Wednesday,124,16,21,8,169,heavy
6:45:00 AM,25,Wednesday,147,20,25,8,200,heavy
7:00:00 AM,25,Wednesday,126,30,19,8,183,heavy
7:45:00 AM,25,Wednesday,118,24,17,15,174,heavy
8:00:00 AM,25,Wednesday,144,18,16,5,183,heavy
8:45:00 AM,25,Wednesday,121,16,25,9,171,heavy
10:15:00 AM,25,Wednesday,56,6,10,9,81,low
10:45:00 AM,25,Wednesday,68,10,5,31,114,high
1:15:00 PM,25,Wednesday,91,2,0,11,104,low
3:00:00 PM,25,Wednesday,23,15,7,12,57,low
3:45:00 PM,25,Wednesday,134,22,29,11,196,heavy
4:00:00 PM,25,Wednesday,128,23,24,16,191,heavy
4:30:00 PM,25,Wednesday,124,11,30,18,183,heavy
4:45:00 PM,25,Wednesday,134,10,13,19,176,heavy
5:00:00 PM,25,Wednesday,125,17,10,16,168,heavy
5:15:00 PM,25,Wednesday,147,18,13,11,189,heavy
5:45:00 PM,25,Wednesday,146,17,25,11,199,heavy
6:00:00 PM,25,Wednesday,142,15,34,10,201,heavy
6:15:00 PM,25,Wednesday,130,24,23,10,187,heavy
6:30:00 PM,25,Wednesday,94,15,15,32,156,high
7:15:00 PM,25,Wednesday,51,8,13,17,89,low
8:15:00 PM,25,Wednesday,66,12,20,31,129,high
9:15:00 PM,25,Wednesday,83,6,6,35,130,high
4:00:00 AM,26,Thursday,79,3,1,14,97,low
4:15:00 AM,26,Thursday,58,3,2,18,81,low
5:00:00 AM,26,Thursday,64,4,0,12,80,low
5:30:00 AM,26,Thursday,79,7,7,11,104,low
6:45:00 AM,26,Thursday,130,19,20,11,180,heavy
7:15:00 AM,26,Thursday,130,15,11,15,171,heavy
7:30:00 AM,26,Thursday,139,28,17,5,189,heavy
8:00:00 AM,26,Thursday,139,22,16,5,182,heavy
8:15:00 AM,26,Thursday,141,11,19,7,178,heavy
8:30:00 AM,26,Thursday,116,29,14,12,171,heavy
9:30:00 AM,26,Thursday,42,10,15,7,74,low
10:30:00 AM,26,Thursday,37,8,15,15,75,low
1:30:00 PM,26,Thursday,70,8,28,13,119,high
2:15:00 PM,26,Thursday,85,16,26,26,153,high
2:30:00 PM,26,Thursday,84,11,34,14,143,high
2:45:00 PM,26,Thursday,59,14,33,12,118,high
4:00:00 PM,26,Thursday,137,20,30,15,202,heavy
4:15:00 PM,26,Thursday,121,14,32,10,177,heavy
4:30:00 PM,26,Thursday,115,26,33,19,193,heavy
4:45:00 PM,26,Thursday,133,25,19,12,189,heavy
5:00:00 PM,26,Thursday,110,10,29,17,166,high
5:15:00 PM,26,Thursday,110,20,24,17,171,heavy
5:45:00 PM,26,Thursday,113,20,38,17,188,heavy
6:00:00 PM,26,Thursday,134,13,29,15,191,heavy
6:15:00 PM,26,Thursday,148,14,21,19,202,heavy
4:30:00 AM,27,Friday,76,0,5,40,121,high
4:45:00 AM,27,Friday,51,6,5,57,119,high
5:00:00 AM,27,Friday,69,1,0,51,121,high
6:15:00 AM,27,Friday,72,0,4,36,112,high
6:30:00 AM,27,Friday,78,8,5,37,128,high
7:00:00 AM,27,Friday,75,6,2,42,125,high
7:15:00 AM,27,Friday,77,7,1,57,142,high
7:45:00 AM,27,Friday,49,4,2,58,113,high
8:15:00 AM,27,Friday,44,9,5,56,114,high
8:45:00 AM,27,Friday,63,7,0,52,122,high
9:15:00 AM,27,Friday,117,38,11,9,175,heavy
9:30:00 AM,27,Friday,101,41,17,9,168,heavy
9:45:00 AM,27,Friday,125,35,19,7,186,heavy
10:00:00 AM,27,Friday,147,43,10,7,207,heavy
10:15:00 AM,27,Friday,140,22,18,5,185,heavy
10:30:00 AM,27,Friday,142,44,6,6,198,heavy
10:45:00 AM,27,Friday,147,45,8,10,210,heavy
11:00:00 AM,27,Friday,137,26,14,8,185,heavy
11:15:00 AM,27,Friday,129,40,13,5,187,heavy
11:30:00 AM,27,Friday,131,30,9,8,178,heavy
12:15:00 PM,27,Friday,122,46,15,8,191,heavy
12:30:00 PM,27,Friday,116,30,15,7,168,heavy
12:45:00 PM,27,Friday,136,28,20,9,193,heavy
1:00:00 PM,27,Friday,138,34,15,10,197,heavy
1:15:00 PM,27,Friday,131,21,9,9,170,heavy
1:30:00 PM,27,Friday,129,39,16,5,189,heavy
1:45:00 PM,27,Friday,118,50,18,5,191,heavy
2:00:00 PM,27,Friday,140,40,8,6,194,heavy
2:15:00 PM,27,Friday,137,29,10,9,185,heavy
2:30:00 PM,27,Friday,121,46,5,6,178,heavy
3:45:00 PM,27,Friday,75,8,7,8,98,low
4:00:00 PM,27,Friday,60,10,6,5,81,low
4:15:00 PM,27,Friday,57,13,2,12,84,low
4:30:00 PM,27,Friday,77,13,7,12,109,low
4:45:00 PM,27,Friday,64,11,0,9,84,low
5:15:00 PM,27,Friday,88,5,2,5,100,low
5:45:00 PM,27,Friday,64,6,1,13,84,low
6:00:00 PM,27,Friday,62,9,0,18,89,low
6:15:00 PM,27,Friday,69,8,0,15,92,low
6:45:00 PM,27,Friday,70,6,9,8,93,low
5:30:00 AM,28,Saturday,59,0,6,16,81,low
5:45:00 AM,28,Saturday,135,13,24,6,178,heavy
6:00:00 AM,28,Saturday,138,21,19,10,188,heavy
6:30:00 AM,28,Saturday,148,24,14,10,196,heavy
7:45:00 AM,28,Saturday,130,18,20,13,181,heavy
8:30:00 AM,28,Saturday,150,12,16,10,188,heavy
8:45:00 AM,28,Saturday,132,15,17,14,178,heavy
9:00:00 AM,28,Saturday,47,6,15,9,77,low
9:15:00 AM,28,Saturday,71,10,6,10,97,low
9:30:00 AM,28,Saturday,49,10,12,8,79,low
10:00:00 AM,28,Saturday,74,15,29,15,133,high
2:30:00 PM,28,Saturday,38,7,1,13,59,low
3:45:00 PM,28,Saturday,144,21,10,19,194,heavy
4:00:00 PM,28,Saturday,144,24,26,14,208,heavy
4:15:00 PM,28,Saturday,112,26,38,12,188,heavy
4:30:00 PM,28,Saturday,106,9,31,11,157,high
4:45:00 PM,28,Saturday,149,27,33,16,225,heavy
5:00:00 PM,28,Saturday,120,30,17,19,186,heavy
5:15:00 PM,28,Saturday,133,15,10,10,168,heavy
5:30:00 PM,28,Saturday,108,14,38,19,179,heavy
5:45:00 PM,28,Saturday,141,24,11,19,195,heavy
6:00:00 PM,28,Saturday,127,15,21,17,180,heavy
6:15:00 PM,28,Saturday,134,20,38,20,212,heavy
7:00:00 PM,28,Saturday,70,7,7,10,94,low
7:30:00 PM,28,Saturday,74,19,12,35,140,high
4:00:00 AM,29,Sunday,54,8,7,16,85,low
5:15:00 AM,29,Sunday,81,8,5,12,106,low
6:00:00 AM,29,Sunday,122,17,21,9,169,heavy
6:30:00 AM,29,Sunday,141,30,22,11,204,heavy
7:00:00 AM,29,Sunday,123,29,13,7,172,heavy
7:15:00 AM,29,Sunday,131,27,19,15,192,heavy
7:30:00 AM,29,Sunday,138,25,20,14,197,heavy
7:45:00 AM,29,Sunday,148,20,14,11,193,heavy
8:15:00 AM,29,Sunday,125,22,12,12,171,heavy
9:00:00 AM,29,Sunday,78,6,29,14,127,high
12:15:00 PM,29,Sunday,66,5,7,35,113,high
1:00:00 PM,29,Sunday,55,5,33,20,113,high
2:00:00 PM,29,Sunday,63,16,3,13,95,low
2:30:00 PM,29,Sunday,75,4,3,15,97,low
2:45:00 PM,29,Sunday,92,7,35,25,159,high
3:45:00 PM,29,Sunday,128,26,25,12,191,heavy
4:00:00 PM,29,Sunday,150,24,30,12,216,heavy
4:15:00 PM,29,Sunday,108,6,37,18,169,heavy
4:30:00 PM,29,Sunday,111,17,40,18,186,heavy
4:45:00 PM,29,Sunday,112,24,39,16,191,heavy
5:00:00 PM,29,Sunday,140,10,38,18,206,heavy
5:15:00 PM,29,Sunday,144,13,15,14,186,heavy
5:30:00 PM,29,Sunday,127,17,24,17,185,heavy
6:00:00 PM,29,Sunday,138,9,16,20,183,heavy
7:00:00 PM,29,Sunday,73,1,10,32,116,high
9:15:00 PM,29,Sunday,83,13,9,34,139,high
4:00:00 AM,30,Monday,84,8,2,12,106,low
5:15:00 AM,30,Monday,71,0,5,18,94,low
5:30:00 AM,30,Monday,78,6,2,11,97,low
6:15:00 AM,30,Monday,115,22,23,13,173,heavy
6:45:00 AM,30,Monday,145,10,23,13,191,heavy
7:45:00 AM,30,Monday,131,27,20,9,187,heavy
8:00:00 AM,30,Monday,113,29,12,15,169,heavy
8:15:00 AM,30,Monday,127,18,20,7,172,heavy
8:30:00 AM,30,Monday,125,24,17,8,174,heavy
9:00:00 AM,30,Monday,54,8,10,15,87,low
1:00:00 PM,30,Monday,51,3,7,17,78,low
1:15:00 PM,30,Monday,84,0,30,19,133,high
1:30:00 PM,30,Monday,17,19,3,10,49,low
2:00:00 PM,30,Monday,66,19,29,20,134,high
2:45:00 PM,30,Monday,68,12,5,11,96,low
3:30:00 PM,30,Monday,38,13,13,11,75,low
3:45:00 PM,30,Monday,146,14,11,17,188,heavy
4:00:00 PM,30,Monday,123,13,31,16,183,heavy
4:15:00 PM,30,Monday,132,27,33,19,211,heavy
4:30:00 PM,30,Monday,134,17,13,20,184,heavy
4:45:00 PM,30,Monday,138,7,40,11,196,heavy
5:15:00 PM,30,Monday,117,12,36,15,180,heavy
5:30:00 PM,30,Monday,142,6,28,15,191,heavy
5:45:00 PM,30,Monday,149,24,36,12,221,heavy
6:00:00 PM,30,Monday,110,14,35,11,170,heavy
7:00:00 PM,30,Monday,83,3,11,31,128,high
7:45:00 PM,30,Monday,66,9,18,32,125,high
8:15:00 PM,30,Monday,108,18,16,30,172,heavy
4:30:00 AM,31,Tuesday,52,6,5,14,77,low
5:15:00 AM,31,Tuesday,62,6,3,18,89,low
5:30:00 AM,31,Tuesday,72,7,5,14,98,low
6:15:00 AM,31,Tuesday,125,25,22,5,177,heavy
6:45:00 AM,31,Tuesday,150,15,22,12,199,heavy
7:15:00 AM,31,Tuesday,119,24,21,9,173,heavy
9:00:00 AM,31,Tuesday,47,10,9,9,75,low
9:30:00 AM,31,Tuesday,48,8,14,8,78,low
9:45:00 AM,31,Tuesday,42,12,6,17,77,low
1:15:00 PM,31,Tuesday,45,13,33,27,118,high
1:30:00 PM,31,Tuesday,69,5,2,15,91,low
2:30:00 PM,31,Tuesday,5,19,3,10,37,low
2:45:00 PM,31,Tuesday,50,13,12,17,92,low
3:30:00 PM,31,Tuesday,97,8,30,27,162,high
3:45:00 PM,31,Tuesday,101,13,31,19,164,high
4:00:00 PM,31,Tuesday,139,29,34,10,212,heavy
4:15:00 PM,31,Tuesday,139,18,39,17,213,heavy
4:30:00 PM,31,Tuesday,105,12,39,14,170,heavy
4:45:00 PM,31,Tuesday,101,26,25,18,170,heavy
5:00:00 PM,31,Tuesday,109,25,36,11,181,heavy
5:15:00 PM,31,Tuesday,135,19,13,16,183,heavy
5:30:00 PM,31,Tuesday,118,18,14,19,169,heavy
5:45:00 PM,31,Tuesday,102,29,36,18,185,heavy
6:00:00 PM,31,Tuesday,136,25,31,18,210,heavy
6:15:00 PM,31,Tuesday,112,22,26,13,173,heavy
6:45:00 PM,31,Tuesday,57,12,12,35,116,high
7:00:00 PM,31,Tuesday,52,19,14,34,119,high
7:15:00 PM,31,Tuesday,67,6,11,17,101,low
7:30:00 PM,31,Tuesday,64,6,12,32,114,high
7:45:00 PM,31,Tuesday,107,6,12,32,157,high
8:00:00 PM,31,Tuesday,87,7,5,11,110,low
8:30:00 PM,31,Tuesday,91,6,7,35,139,high
9:00:00 PM,31,Tuesday,98,16,8,31,153,high
9:15:00 PM,31,Tuesday,84,5,6,35,130,high
4:00:00 AM,1,Wednesday,88,1,3,17,109,low
4:15:00 AM,1,Wednesday,70,8,6,13,97,low
5:00:00 AM,1,Wednesday,59,2,0,12,73,low
5:15:00 AM,1,Wednesday,52,7,0,13,72,low
6:00:00 AM,1,Wednesday,124,27,25,15,191,heavy
6:15:00 AM,1,Wednesday,143,22,21,5,191,heavy
7:00:00 AM,1,Wednesday,106,29,23,11,169,heavy
7:15:00 AM,1,Wednesday,145,22,24,14,205,heavy
7:45:00 AM,1,Wednesday,142,13,14,6,175,heavy
8:15:00 AM,1,Wednesday,134,27,19,8,188,heavy
9:30:00 AM,1,Wednesday,41,8,5,17,71,low
9:45:00 AM,1,Wednesday,58,10,14,7,89,low
10:15:00 AM,1,Wednesday,49,12,13,12,86,low
2:15:00 PM,1,Wednesday,50,8,34,26,118,high
3:00:00 PM,1,Wednesday,16,4,2,14,36,low
3:15:00 PM,1,Wednesday,38,17,5,14,74,low
3:45:00 PM,1,Wednesday,119,18,17,14,168,heavy
4:00:00 PM,1,Wednesday,111,8,37,10,166,high
4:30:00 PM,1,Wednesday,119,13,28,13,173,heavy
4:45:00 PM,1,Wednesday,144,18,28,13,203,heavy
5:00:00 PM,1,Wednesday,133,29,14,11,187,heavy
5:15:00 PM,1,Wednesday,134,5,21,15,175,heavy
5:30:00 PM,1,Wednesday,140,20,27,13,200,heavy
5:45:00 PM,1,Wednesday,116,27,34,20,197,heavy
6:00:00 PM,1,Wednesday,121,15,19,20,175,heavy
6:15:00 PM,1,Wednesday,123,30,32,12,197,heavy
6:30:00 PM,1,Wednesday,62,0,19,34,115,high
7:15:00 PM,1,Wednesday,75,14,5,35,129,high
7:30:00 PM,1,Wednesday,96,3,10,33,142,high
8:00:00 PM,1,Wednesday,89,15,13,31,148,high
4:00:00 AM,2,Thursday,50,9,4,12,75,low
4:30:00 AM,2,Thursday,51,7,5,11,74,low
4:45:00 AM,2,Thursday,83,0,4,13,100,low
5:30:00 AM,2,Thursday,72,4,5,16,97,low
6:00:00 AM,2,Thursday,139,13,21,8,181,heavy
6:30:00 AM,2,Thursday,125,26,12,15,178,heavy
6:45:00 AM,2,Thursday,130,18,17,13,178,heavy
7:00:00 AM,2,Thursday,129,17,21,5,172,heavy
8:15:00 AM,2,Thursday,129,27,21,9,186,heavy
8:30:00 AM,2,Thursday,122,26,21,10,179,heavy
10:00:00 AM,2,Thursday,57,13,10,9,89,low
10:30:00 AM,2,Thursday,44,5,11,18,78,low
1:00:00 PM,2,Thursday,10,4,3,18,35,low
2:15:00 PM,2,Thursday,40,9,6,10,65,low
2:30:00 PM,2,Thursday,28,2,1,11,42,low
3:00:00 PM,2,Thursday,44,19,28,26,117,high
3:45:00 PM,2,Thursday,111,27,20,20,178,heavy
4:00:00 PM,2,Thursday,113,10,33,10,166,high
4:15:00 PM,2,Thursday,119,27,17,17,180,heavy
4:30:00 PM,2,Thursday,146,28,12,11,197,heavy
4:45:00 PM,2,Thursday,127,30,20,13,190,heavy
5:00:00 PM,2,Thursday,138,10,10,20,178,heavy
5:15:00 PM,2,Thursday,107,27,19,18,171,heavy
5:45:00 PM,2,Thursday,125,29,12,14,180,heavy
6:00:00 PM,2,Thursday,112,12,30,10,164,high
6:15:00 PM,2,Thursday,123,19,14,19,175,heavy
8:00:00 PM,2,Thursday,105,16,15,33,169,heavy
8:15:00 PM,2,Thursday,57,8,11,16,92,low
9:00:00 PM,2,Thursday,71,4,15,34,124,high
9:30:00 PM,2,Thursday,68,0,7,14,89,low
4:45:00 AM,3,Friday,65,9,2,53,129,high
6:00:00 AM,3,Friday,73,4,0,39,116,high
6:45:00 AM,3,Friday,59,8,5,44,116,high
7:00:00 AM,3,Friday,71,1,4,44,120,high
7:15:00 AM,3,Friday,50,10,2,56,118,high
8:30:00 AM,3,Friday,72,6,4,36,118,high
9:15:00 AM,3,Friday,149,37,14,10,210,heavy
9:30:00 AM,3,Friday,143,48,19,5,215,heavy
9:45:00 AM,3,Friday,143,21,6,6,176,heavy
10:15:00 AM,3,Friday,139,30,13,10,192,heavy
10:45:00 AM,3,Friday,136,38,13,6,193,heavy
11:15:00 AM,3,Friday,144,43,13,8,208,heavy
12:00:00 PM,3,Friday,125,22,18,8,173,heavy
12:30:00 PM,3,Friday,147,35,19,8,209,heavy
12:45:00 PM,3,Friday,128,49,7,9,193,heavy
1:00:00 PM,3,Friday,130,43,15,6,194,heavy
1:30:00 PM,3,Friday,113,38,17,10,178,heavy
1:45:00 PM,3,Friday,147,38,5,8,198,heavy
2:15:00 PM,3,Friday,123,29,16,10,178,heavy
2:30:00 PM,3,Friday,121,41,14,5,181,heavy
2:45:00 PM,3,Friday,136,46,9,10,201,heavy
3:00:00 PM,3,Friday,58,14,14,15,101,low
3:15:00 PM,3,Friday,62,6,7,12,87,low
3:30:00 PM,3,Friday,62,7,9,7,85,low
3:45:00 PM,3,Friday,55,6,2,18,81,low
4:15:00 PM,3,Friday,62,5,14,9,90,low
4:30:00 PM,3,Friday,82,5,5,5,97,low
4:45:00 PM,3,Friday,68,5,0,16,89,low
5:00:00 PM,3,Friday,66,11,9,5,91,low
5:45:00 PM,3,Friday,81,13,0,14,108,low
6:00:00 PM,3,Friday,56,5,9,17,87,low
6:15:00 PM,3,Friday,52,6,5,6,69,low
4:00:00 AM,4,Saturday,50,5,4,16,75,low
4:15:00 AM,4,Saturday,59,8,7,17,91,low
4:45:00 AM,4,Saturday,61,6,5,12,84,low
5:00:00 AM,4,Saturday,67,4,3,16,90,low
6:30:00 AM,4,Saturday,118,27,10,12,167,low
7:00:00 AM,4,Saturday,144,22,12,10,188,heavy
7:15:00 AM,4,Saturday,123,20,21,6,170,heavy
7:45:00 AM,4,Saturday,143,26,22,10,201,heavy
8:15:00 AM,4,Saturday,80,13,11,5,109,low
8:30:00 AM,4,Saturday,123,30,13,12,178,heavy
8:45:00 AM,4,Saturday,143,25,14,12,194,heavy
9:45:00 AM,4,Saturday,38,15,6,6,65,low
10:00:00 AM,4,Saturday,66,6,7,16,95,low
10:30:00 AM,4,Saturday,77,11,13,6,107,low
1:15:00 PM,4,Saturday,17,4,4,11,36,low
2:30:00 PM,4,Saturday,64,13,9,12,98,low
3:00:00 PM,4,Saturday,11,3,2,14,30,low
3:15:00 PM,4,Saturday,88,3,31,23,145,high
3:45:00 PM,4,Saturday,144,16,25,18,203,heavy
4:00:00 PM,4,Saturday,116,23,37,11,187,heavy
4:15:00 PM,4,Saturday,114,6,38,11,169,heavy
4:30:00 PM,4,Saturday,130,10,19,10,169,heavy
4:45:00 PM,4,Saturday,144,19,18,15,196,heavy
5:00:00 PM,4,Saturday,119,13,38,18,188,heavy
5:30:00 PM,4,Saturday,123,18,18,12,171,heavy
5:45:00 PM,4,Saturday,147,14,32,10,203,heavy
6:00:00 PM,4,Saturday,114,27,32,10,183,heavy
6:15:00 PM,4,Saturday,113,27,35,10,185,heavy
6:45:00 PM,4,Saturday,76,3,8,13,100,low
7:45:00 PM,4,Saturday,80,0,12,13,105,low
8:00:00 PM,4,Saturday,59,7,14,16,96,low
8:15:00 PM,4,Saturday,99,12,14,34,159,high
8:30:00 PM,4,Saturday,65,16,9,14,104,low
8:45:00 PM,4,Saturday,81,18,16,33,148,high
4:15:00 AM,5,Sunday,64,4,7,15,90,low
4:45:00 AM,5,Sunday,80,2,2,18,102,low
5:00:00 AM,5,Sunday,78,4,0,11,93,low
5:45:00 AM,5,Sunday,146,19,25,8,198,heavy
6:15:00 AM,5,Sunday,137,22,14,10,183,heavy
6:30:00 AM,5,Sunday,150,26,18,10,204,heavy
6:45:00 AM,5,Sunday,148,15,22,8,193,heavy
7:45:00 AM,5,Sunday,145,20,24,13,202,heavy
8:15:00 AM,5,Sunday,127,27,17,15,186,heavy
9:00:00 AM,5,Sunday,74,14,28,15,131,high
9:45:00 AM,5,Sunday,71,8,28,11,118,high
10:30:00 AM,5,Sunday,54,11,11,11,87,low
1:00:00 PM,5,Sunday,53,2,14,12,81,low
2:00:00 PM,5,Sunday,12,3,11,15,41,low
3:00:00 PM,5,Sunday,57,19,11,16,103,low
3:15:00 PM,5,Sunday,13,19,7,12,51,low
3:45:00 PM,5,Sunday,127,20,16,17,180,heavy
4:15:00 PM,5,Sunday,122,12,20,19,173,heavy
4:30:00 PM,5,Sunday,141,22,29,12,204,heavy
4:45:00 PM,5,Sunday,131,29,33,12,205,heavy
5:00:00 PM,5,Sunday,126,6,22,15,169,heavy
5:15:00 PM,5,Sunday,128,14,11,18,171,heavy
5:30:00 PM,5,Sunday,137,29,36,18,220,heavy
5:45:00 PM,5,Sunday,129,18,10,18,175,heavy
6:00:00 PM,5,Sunday,100,30,31,20,181,heavy
6:15:00 PM,5,Sunday,136,16,17,11,180,heavy
6:45:00 PM,5,Sunday,86,14,13,33,146,high
7:00:00 PM,5,Sunday,81,0,7,15,103,low
8:15:00 PM,5,Sunday,60,2,10,18,90,low
8:45:00 PM,5,Sunday,69,3,19,32,123,high
9:15:00 PM,5,Sunday,74,9,15,33,131,high
9:30:00 PM,5,Sunday,102,18,20,31,171,heavy
5:15:00 AM,6,Monday,58,8,7,13,86,low
5:30:00 AM,6,Monday,72,1,5,11,89,low
6:15:00 AM,6,Monday,134,18,14,6,172,heavy
7:15:00 AM,6,Monday,142,25,22,5,194,heavy
8:15:00 AM,6,Monday,137,13,19,14,183,heavy
8:30:00 AM,6,Monday,128,21,19,13,181,heavy
9:00:00 AM,6,Monday,49,15,15,5,84,low
9:15:00 AM,6,Monday,59,6,10,17,92,low
10:15:00 AM,6,Monday,68,15,26,11,120,high
10:30:00 AM,6,Monday,74,9,14,6,103,low
11:00:00 AM,6,Monday,62,9,12,32,115,high
12:00:00 PM,6,Monday,68,0,12,35,115,high
12:45:00 PM,6,Monday,70,6,8,35,119,high
2:45:00 PM,6,Monday,48,4,8,17,77,low
3:45:00 PM,6,Monday,118,8,27,16,169,heavy
4:00:00 PM,6,Monday,145,19,22,19,205,heavy
4:30:00 PM,6,Monday,126,22,28,16,192,heavy
4:45:00 PM,6,Monday,120,24,30,10,184,heavy
5:00:00 PM,6,Monday,128,10,14,18,170,heavy
5:15:00 PM,6,Monday,142,26,32,10,210,heavy
5:30:00 PM,6,Monday,121,25,33,13,192,heavy
5:45:00 PM,6,Monday,144,6,18,12,180,heavy
6:00:00 PM,6,Monday,116,26,14,18,174,heavy
6:15:00 PM,6,Monday,138,21,39,17,215,heavy
7:15:00 PM,6,Monday,97,17,19,33,166,high
8:45:00 PM,6,Monday,64,13,13,16,106,low
9:00:00 PM,6,Monday,60,20,12,32,124,high
9:15:00 PM,6,Monday,58,15,12,31,116,high
9:30:00 PM,6,Monday,95,7,18,34,154,high
4:00:00 AM,7,Tuesday,64,0,2,12,78,low
4:15:00 AM,7,Tuesday,60,8,7,11,86,low
4:45:00 AM,7,Tuesday,59,1,7,11,78,low
5:00:00 AM,7,Tuesday,72,2,6,11,91,low
5:15:00 AM,7,Tuesday,86,10,2,12,110,low
5:30:00 AM,7,Tuesday,79,7,4,10,100,low
5:45:00 AM,7,Tuesday,128,29,24,9,190,heavy
6:00:00 AM,7,Tuesday,140,15,13,7,175,heavy
6:15:00 AM,7,Tuesday,150,28,12,9,199,heavy
7:45:00 AM,7,Tuesday,104,29,21,15,169,heavy
8:00:00 AM,7,Tuesday,130,17,17,12,176,heavy
9:00:00 AM,7,Tuesday,35,10,11,17,73,low
9:15:00 AM,7,Tuesday,31,13,11,7,62,low
9:30:00 AM,7,Tuesday,80,9,9,9,107,low
9:45:00 AM,7,Tuesday,60,10,8,11,89,low
10:30:00 AM,7,Tuesday,62,11,9,12,94,low
1:30:00 PM,7,Tuesday,98,8,26,18,150,high
2:15:00 PM,7,Tuesday,76,12,8,15,111,low
2:30:00 PM,7,Tuesday,79,15,26,30,150,high
3:00:00 PM,7,Tuesday,62,6,29,23,120,high
4:00:00 PM,7,Tuesday,144,14,12,16,186,heavy
4:15:00 PM,7,Tuesday,121,17,35,14,187,heavy
4:30:00 PM,7,Tuesday,145,5,20,12,182,heavy
4:45:00 PM,7,Tuesday,127,11,24,16,178,heavy
5:15:00 PM,7,Tuesday,128,9,29,20,186,heavy
5:30:00 PM,7,Tuesday,116,18,32,18,184,heavy
5:45:00 PM,7,Tuesday,149,20,17,13,199,heavy
6:00:00 PM,7,Tuesday,144,27,22,16,209,heavy
6:15:00 PM,7,Tuesday,145,6,40,13,204,heavy
6:45:00 PM,7,Tuesday,110,16,18,34,178,heavy
7:15:00 PM,7,Tuesday,106,8,10,31,155,high
7:45:00 PM,7,Tuesday,53,13,12,15,93,low
8:45:00 PM,7,Tuesday,90,0,11,32,133,high
4:00:00 AM,8,Wednesday,64,10,7,15,96,low
4:30:00 AM,8,Wednesday,57,10,2,18,87,low
4:45:00 AM,8,Wednesday,76,7,4,15,102,low
5:30:00 AM,8,Wednesday,54,2,3,13,72,low
6:30:00 AM,8,Wednesday,144,13,10,5,172,heavy
6:45:00 AM,8,Wednesday,147,21,12,11,191,heavy
7:15:00 AM,8,Wednesday,142,11,25,5,183,heavy
7:45:00 AM,8,Wednesday,138,23,17,12,190,heavy
8:00:00 AM,8,Wednesday,144,15,15,14,188,heavy
8:15:00 AM,8,Wednesday,122,24,17,9,172,heavy
8:30:00 AM,8,Wednesday,137,28,17,14,196,heavy
9:00:00 AM,8,Wednesday,78,8,11,9,106,low
9:30:00 AM,8,Wednesday,57,13,11,14,95,low
9:45:00 AM,8,Wednesday,72,9,27,12,120,high
10:00:00 AM,8,Wednesday,58,14,7,16,95,low
10:15:00 AM,8,Wednesday,80,9,26,10,125,high
10:30:00 AM,8,Wednesday,68,12,10,18,108,low
3:00:00 PM,8,Wednesday,42,17,2,11,72,low
3:15:00 PM,8,Wednesday,16,14,14,18,62,low
3:30:00 PM,8,Wednesday,73,0,33,30,136,high
3:45:00 PM,8,Wednesday,106,5,29,14,154,high
4:00:00 PM,8,Wednesday,142,16,18,10,186,heavy
4:30:00 PM,8,Wednesday,129,7,26,15,177,heavy
4:45:00 PM,8,Wednesday,131,11,10,18,170,heavy
5:15:00 PM,8,Wednesday,128,19,32,20,199,heavy
5:30:00 PM,8,Wednesday,144,16,14,11,185,heavy
5:45:00 PM,8,Wednesday,150,5,11,18,184,heavy
6:00:00 PM,8,Wednesday,128,20,16,16,180,heavy
6:30:00 PM,8,Wednesday,62,13,6,15,96,low
6:45:00 PM,8,Wednesday,66,16,17,35,134,high
7:15:00 PM,8,Wednesday,63,0,10,18,91,low
7:30:00 PM,8,Wednesday,100,11,10,35,156,high
8:15:00 PM,8,Wednesday,98,16,17,33,164,high
8:30:00 PM,8,Wednesday,60,4,20,31,115,high
9:30:00 PM,8,Wednesday,55,9,15,17,96,low
4:00:00 AM,9,Thursday,65,1,6,18,90,low
4:15:00 AM,9,Thursday,60,8,6,10,84,low
4:30:00 AM,9,Thursday,56,10,4,11,81,low
5:00:00 AM,9,Thursday,78,5,6,12,101,low
7:15:00 AM,9,Thursday,150,30,14,15,209,heavy
7:45:00 AM,9,Thursday,142,29,15,5,191,heavy
8:45:00 AM,9,Thursday,150,19,23,12,204,heavy
9:00:00 AM,9,Thursday,63,5,14,10,92,low
9:15:00 AM,9,Thursday,36,6,15,6,63,low
9:30:00 AM,9,Thursday,60,6,6,11,83,low
9:45:00 AM,9,Thursday,46,11,9,17,83,low
10:00:00 AM,9,Thursday,78,15,26,15,134,high
10:15:00 AM,9,Thursday,54,5,11,7,77,low
11:30:00 AM,9,Thursday,62,10,12,35,119,high
1:15:00 PM,9,Thursday,85,2,30,16,133,high
3:45:00 PM,9,Thursday,119,8,34,12,173,heavy
4:00:00 PM,9,Thursday,120,17,37,14,188,heavy
4:15:00 PM,9,Thursday,141,23,24,15,203,heavy
4:30:00 PM,9,Thursday,118,30,28,11,187,heavy
4:45:00 PM,9,Thursday,139,30,33,16,218,heavy
5:00:00 PM,9,Thursday,132,16,13,11,172,heavy
5:15:00 PM,9,Thursday,115,26,34,20,195,heavy
5:30:00 PM,9,Thursday,105,16,32,17,170,heavy
5:45:00 PM,9,Thursday,116,10,27,11,164,high
6:00:00 PM,9,Thursday,147,22,17,20,206,heavy
6:15:00 PM,9,Thursday,138,13,15,13,179,heavy
6:30:00 PM,9,Thursday,84,4,14,33,135,high
7:00:00 PM,9,Thursday,75,2,17,31,125,high
7:15:00 PM,9,Thursday,51,5,5,17,78,low
7:45:00 PM,9,Thursday,67,12,10,16,105,low
8:30:00 PM,9,Thursday,69,0,8,13,90,low
12:00:00 AM,10,Tuesday,31,0,4,4,39,low
12:15:00 AM,10,Tuesday,49,0,3,3,55,low
12:30:00 AM,10,Tuesday,46,0,3,6,55,low
12:45:00 AM,10,Tuesday,51,0,2,5,58,low
1:00:00 AM,10,Tuesday,57,6,15,16,94,low
1:15:00 AM,10,Tuesday,44,0,5,4,53,low
1:30:00 AM,10,Tuesday,37,0,1,4,42,low
1:45:00 AM,10,Tuesday,42,4,4,5,55,low
2:00:00 AM,10,Tuesday,51,0,9,7,67,low
2:15:00 AM,10,Tuesday,34,0,4,7,45,low
2:30:00 AM,10,Tuesday,45,0,1,1,47,low
2:45:00 AM,10,Tuesday,45,0,1,3,49,low
3:00:00 AM,10,Tuesday,50,0,3,0,53,low
3:15:00 AM,10,Tuesday,34,0,4,4,42,low
3:30:00 AM,10,Tuesday,129,22,42,1,194,heavy
3:45:00 AM,10,Tuesday,144,16,49,0,209,heavy
4:15:00 AM,10,Tuesday,67,11,10,16,104,low
5:15:00 AM,10,Tuesday,67,29,5,10,111,low
5:30:00 AM,10,Tuesday,56,12,2,14,84,low
5:45:00 AM,10,Tuesday,57,13,3,11,84,low
6:00:00 AM,10,Tuesday,129,22,42,1,194,heavy
6:15:00 AM,10,Tuesday,144,16,49,0,209,heavy
6:45:00 AM,10,Tuesday,120,27,46,3,196,heavy
7:00:00 AM,10,Tuesday,102,39,47,1,189,heavy
7:15:00 AM,10,Tuesday,145,23,27,0,195,heavy
7:30:00 AM,10,Tuesday,114,37,21,5,177,heavy
8:00:00 AM,10,Tuesday,122,28,33,1,184,heavy
8:15:00 AM,10,Tuesday,114,39,30,3,186,heavy
8:30:00 AM,10,Tuesday,150,36,25,1,212,heavy
8:45:00 AM,10,Tuesday,107,10,49,2,168,heavy
9:00:00 AM,10,Tuesday,124,24,22,0,170,heavy
9:15:00 AM,10,Tuesday,77,16,39,29,161,high
9:45:00 AM,10,Tuesday,32,22,38,21,113,high
10:00:00 AM,10,Tuesday,68,13,29,24,134,high
10:30:00 AM,10,Tuesday,76,7,11,15,109,low
1:15:00 PM,10,Tuesday,79,15,36,18,148,high
1:45:00 PM,10,Tuesday,59,19,35,16,129,high
2:00:00 PM,10,Tuesday,88,26,31,19,164,high
2:30:00 PM,10,Tuesday,110,17,23,20,170,heavy
2:45:00 PM,10,Tuesday,29,26,5,6,66,low
4:00:00 PM,10,Tuesday,141,31,36,6,214,heavy
4:15:00 PM,10,Tuesday,120,25,28,5,178,heavy
4:30:00 PM,10,Tuesday,137,23,44,5,209,heavy
4:45:00 PM,10,Tuesday,124,11,30,7,172,heavy
5:00:00 PM,10,Tuesday,145,25,49,7,226,heavy
5:15:00 PM,10,Tuesday,122,37,23,8,190,heavy
5:30:00 PM,10,Tuesday,136,30,20,9,195,heavy
5:45:00 PM,10,Tuesday,145,18,40,9,212,heavy
6:00:00 PM,10,Tuesday,138,34,28,5,205,heavy
6:15:00 PM,10,Tuesday,123,10,29,8,170,heavy
7:45:00 PM,10,Tuesday,70,8,14,6,98,low
8:00:00 PM,10,Tuesday,80,17,12,34,143,high
11:00:00 PM,10,Tuesday,18,2,1,13,34,low
11:15:00 PM,10,Tuesday,15,0,1,11,27,low
12:00:00 AM,11,Wednesday,12,2,1,17,32,low
12:30:00 AM,11,Wednesday,16,1,0,14,31,low
12:45:00 AM,11,Wednesday,20,0,0,14,34,low
1:45:00 AM,11,Wednesday,18,4,0,11,33,low
2:15:00 AM,11,Wednesday,14,4,1,10,29,low
6:00:00 AM,11,Wednesday,125,13,26,2,166,high
6:15:00 AM,11,Wednesday,125,39,49,3,216,heavy
6:30:00 AM,11,Wednesday,125,34,37,1,197,heavy
6:45:00 AM,11,Wednesday,125,19,25,4,173,heavy
7:00:00 AM,11,Wednesday,125,15,49,0,189,heavy
7:15:00 AM,11,Wednesday,125,32,50,5,212,heavy
7:30:00 AM,11,Wednesday,125,38,50,1,214,heavy
7:45:00 AM,11,Wednesday,125,29,29,3,186,heavy
8:00:00 AM,11,Wednesday,125,31,48,4,208,heavy
8:15:00 AM,11,Wednesday,125,32,50,0,207,heavy
8:30:00 AM,11,Wednesday,125,31,45,0,201,heavy
9:00:00 AM,11,Wednesday,125,28,36,0,189,heavy
10:15:00 AM,11,Wednesday,48,25,36,21,130,high
10:30:00 AM,11,Wednesday,93,7,30,16,146,high
10:45:00 AM,11,Wednesday,55,15,36,15,121,high
1:45:00 PM,11,Wednesday,54,29,37,9,129,high
2:15:00 PM,11,Wednesday,60,21,26,11,118,high
3:00:00 PM,11,Wednesday,39,24,13,11,87,low
3:15:00 PM,11,Wednesday,90,20,35,7,152,high
3:30:00 PM,11,Wednesday,109,30,22,20,181,heavy
4:00:00 PM,11,Wednesday,142,22,37,6,207,heavy
4:30:00 PM,11,Wednesday,142,13,37,8,200,heavy
4:45:00 PM,11,Wednesday,108,23,26,9,166,high
5:00:00 PM,11,Wednesday,122,29,30,7,188,heavy
5:15:00 PM,11,Wednesday,133,12,30,7,182,heavy
5:30:00 PM,11,Wednesday,118,23,38,10,189,heavy
5:45:00 PM,11,Wednesday,121,35,26,8,190,heavy
6:15:00 PM,11,Wednesday,132,12,27,8,179,heavy
6:30:00 PM,11,Wednesday,144,17,33,7,201,heavy
7:15:00 PM,11,Wednesday,50,10,10,17,87,low
7:45:00 PM,11,Wednesday,108,24,15,29,176,heavy
9:45:00 PM,11,Wednesday,86,13,11,35,145,high
10:00:00 PM,11,Wednesday,18,4,0,16,38,low
10:15:00 PM,11,Wednesday,18,5,0,12,35,low
10:45:00 PM,11,Wednesday,18,1,0,17,36,low
11:15:00 PM,11,Wednesday,18,0,1,12,31,low
12:30:00 AM,12,Thursday,18,5,1,13,37,low
1:00:00 AM,12,Thursday,18,0,0,13,31,low
1:15:00 AM,12,Thursday,18,5,0,11,34,low
1:30:00 AM,12,Thursday,18,5,1,12,36,low
1:45:00 AM,12,Thursday,18,1,1,16,36,low
3:15:00 AM,12,Thursday,18,1,0,14,33,low
4:15:00 AM,12,Thursday,62,24,7,2,95,low
4:30:00 AM,12,Thursday,51,23,6,1,81,low
6:00:00 AM,12,Thursday,117,38,50,5,210,heavy
6:15:00 AM,12,Thursday,114,32,34,2,182,heavy
6:45:00 AM,12,Thursday,145,20,25,2,192,heavy
7:00:00 AM,12,Thursday,125,30,48,1,204,heavy
7:15:00 AM,12,Thursday,103,27,45,1,176,heavy
7:30:00 AM,12,Thursday,114,20,43,1,178,heavy
7:45:00 AM,12,Thursday,145,10,44,1,200,heavy
8:00:00 AM,12,Thursday,147,31,20,4,202,heavy
8:15:00 AM,12,Thursday,104,24,40,0,168,heavy
8:45:00 AM,12,Thursday,101,37,31,4,173,heavy
9:00:00 AM,12,Thursday,144,30,37,1,212,heavy
10:30:00 AM,12,Thursday,59,6,11,11,87,low
1:30:00 PM,12,Thursday,14,21,7,18,60,low
2:45:00 PM,12,Thursday,118,25,31,13,187,heavy
3:15:00 PM,12,Thursday,105,29,22,12,168,heavy
4:00:00 PM,12,Thursday,105,35,48,6,194,heavy
4:15:00 PM,12,Thursday,135,37,34,5,211,heavy
4:30:00 PM,12,Thursday,103,29,44,6,182,heavy
4:45:00 PM,12,Thursday,113,13,42,10,178,heavy
5:00:00 PM,12,Thursday,103,20,27,9,159,high
5:15:00 PM,12,Thursday,150,13,20,9,192,heavy
5:30:00 PM,12,Thursday,116,25,33,8,182,heavy
5:45:00 PM,12,Thursday,109,16,41,9,175,heavy
6:00:00 PM,12,Thursday,112,11,50,5,178,heavy
6:15:00 PM,12,Thursday,104,31,30,5,170,heavy
6:30:00 PM,12,Thursday,146,18,40,6,210,heavy
6:45:00 PM,12,Thursday,110,24,10,29,173,heavy
8:00:00 PM,12,Thursday,62,12,11,18,103,low
12:00:00 AM,13,Friday,18,4,1,15,38,low
12:30:00 AM,13,Friday,19,3,0,16,38,low
12:45:00 AM,13,Friday,10,3,0,12,25,low
2:15:00 AM,13,Friday,15,1,0,14,30,low
2:30:00 AM,13,Friday,17,4,0,13,34,low
3:00:00 AM,13,Friday,19,2,0,11,32,low
4:15:00 AM,13,Friday,27,6,1,11,45,low
4:30:00 AM,13,Friday,33,11,6,13,63,low
4:45:00 AM,13,Friday,63,6,7,10,86,low
5:00:00 AM,13,Friday,58,13,4,15,90,low
5:15:00 AM,13,Friday,57,11,7,10,85,low
5:30:00 AM,13,Friday,63,10,6,12,91,low
5:45:00 AM,13,Friday,74,9,0,15,98,low
6:00:00 AM,13,Friday,71,9,7,10,97,low
6:15:00 AM,13,Friday,33,9,6,13,61,low
6:30:00 AM,13,Friday,29,6,1,12,48,low
6:45:00 AM,13,Friday,32,9,3,11,55,low
7:00:00 AM,13,Friday,57,14,3,11,85,low
7:15:00 AM,13,Friday,31,11,0,14,56,low
7:30:00 AM,13,Friday,30,9,3,10,52,low
7:45:00 AM,13,Friday,61,8,7,12,88,low
8:00:00 AM,13,Friday,47,10,4,10,71,low
8:30:00 AM,13,Friday,49,10,2,10,71,low
8:45:00 AM,13,Friday,58,7,5,13,83,low
9:00:00 AM,13,Friday,53,19,1,10,83,low
9:15:00 AM,13,Friday,132,47,25,0,204,heavy
9:30:00 AM,13,Friday,131,52,15,0,198,heavy
9:45:00 AM,13,Friday,171,59,27,3,260,heavy
10:00:00 AM,13,Friday,131,43,20,3,197,heavy
10:15:00 AM,13,Friday,177,56,12,4,249,heavy
10:30:00 AM,13,Friday,160,47,30,3,240,heavy
10:45:00 AM,13,Friday,178,68,28,4,278,heavy
11:00:00 AM,13,Friday,169,70,20,3,262,heavy
11:15:00 AM,13,Friday,133,56,25,2,216,heavy
11:30:00 AM,13,Friday,151,52,13,0,216,heavy
11:45:00 AM,13,Friday,179,46,27,3,255,heavy
12:00:00 PM,13,Friday,144,68,20,0,232,heavy
12:15:00 PM,13,Friday,162,46,19,2,229,heavy
12:30:00 PM,13,Friday,159,44,23,2,228,heavy
12:45:00 PM,13,Friday,174,67,30,1,272,heavy
1:00:00 PM,13,Friday,136,57,29,4,226,heavy
1:15:00 PM,13,Friday,156,42,12,3,213,heavy
1:30:00 PM,13,Friday,175,63,19,3,260,heavy
1:45:00 PM,13,Friday,172,62,20,2,256,heavy
2:00:00 PM,13,Friday,171,49,15,0,235,heavy
2:15:00 PM,13,Friday,172,65,18,2,257,heavy
2:30:00 PM,13,Friday,176,50,13,1,240,heavy
2:45:00 PM,13,Friday,153,50,23,3,229,heavy
3:00:00 PM,13,Friday,148,64,27,0,239,heavy
3:15:00 PM,13,Friday,56,28,6,2,92,low
4:00:00 PM,13,Friday,77,20,7,0,104,low
4:15:00 PM,13,Friday,66,24,1,0,91,low
4:30:00 PM,13,Friday,72,22,8,2,104,low
5:00:00 PM,13,Friday,66,26,4,1,97,low
5:15:00 PM,13,Friday,85,20,4,0,109,low
6:30:00 PM,13,Friday,67,29,1,0,97,low
6:45:00 PM,13,Friday,65,25,1,1,92,low
7:15:00 PM,13,Friday,42,1,5,11,59,low
7:30:00 PM,13,Friday,42,10,3,1,56,low
7:45:00 PM,13,Friday,31,11,1,12,55,low
8:00:00 PM,13,Friday,47,7,3,6,63,low
8:15:00 PM,13,Friday,28,7,2,4,41,low
8:30:00 PM,13,Friday,22,3,6,1,32,low
8:45:00 PM,13,Friday,29,1,7,5,42,low
9:00:00 PM,13,Friday,43,9,1,11,64,low
9:15:00 PM,13,Friday,23,3,3,8,37,low
9:30:00 PM,13,Friday,21,2,5,15,43,low
9:45:00 PM,13,Friday,31,2,1,9,43,low
10:00:00 PM,13,Friday,15,5,0,18,38,low
10:15:00 PM,13,Friday,11,2,0,15,28,low
10:30:00 PM,13,Friday,12,0,1,17,30,low
10:45:00 PM,13,Friday,18,3,0,18,39,low
11:30:00 PM,13,Friday,15,5,0,14,34,low
2:00:00 AM,14,Saturday,20,2,0,12,34,low
2:15:00 AM,14,Saturday,15,5,0,15,35,low
2:30:00 AM,14,Saturday,11,4,0,14,29,low
2:45:00 AM,14,Saturday,14,3,1,18,36,low
4:00:00 AM,14,Saturday,15,4,0,16,35,low
4:15:00 AM,14,Saturday,55,15,5,3,78,low
4:30:00 AM,14,Saturday,76,10,7,9,102,low
5:45:00 AM,14,Saturday,115,27,9,16,167,low
6:15:00 AM,14,Saturday,142,18,27,0,187,heavy
6:30:00 AM,14,Saturday,117,29,49,2,197,heavy
6:45:00 AM,14,Saturday,126,36,24,0,186,heavy
7:00:00 AM,14,Saturday,110,39,38,5,192,heavy
7:15:00 AM,14,Saturday,149,20,39,5,213,heavy
7:45:00 AM,14,Saturday,124,34,24,4,186,heavy
8:00:00 AM,14,Saturday,149,35,32,1,217,heavy
8:15:00 AM,14,Saturday,125,32,38,4,199,heavy
8:30:00 AM,14,Saturday,101,23,38,1,163,high
8:45:00 AM,14,Saturday,137,36,30,0,203,heavy
9:00:00 AM,14,Saturday,139,15,21,3,178,heavy
10:15:00 AM,14,Saturday,26,12,14,13,65,low
10:45:00 AM,14,Saturday,12,22,8,11,53,low
1:30:00 PM,14,Saturday,120,28,22,20,190,heavy
3:45:00 PM,14,Saturday,79,13,28,7,127,high
4:15:00 PM,14,Saturday,150,30,22,5,207,heavy
4:30:00 PM,14,Saturday,142,23,25,7,197,heavy
4:45:00 PM,14,Saturday,111,36,25,6,178,heavy
5:00:00 PM,14,Saturday,143,37,38,8,226,heavy
5:15:00 PM,14,Saturday,120,37,43,10,210,heavy
5:45:00 PM,14,Saturday,140,22,27,5,194,heavy
6:00:00 PM,14,Saturday,128,37,20,9,194,heavy
6:15:00 PM,14,Saturday,114,23,42,10,189,heavy
6:30:00 PM,14,Saturday,117,20,22,9,168,heavy
7:00:00 PM,14,Saturday,65,15,15,8,103,low
7:45:00 PM,14,Saturday,56,7,12,12,87,low
8:00:00 PM,14,Saturday,50,12,15,18,95,low
8:15:00 PM,14,Saturday,74,9,11,12,106,low
9:15:00 PM,14,Saturday,82,5,12,34,133,high
9:30:00 PM,14,Saturday,58,19,12,17,106,low
9:45:00 PM,14,Saturday,70,10,14,32,126,high
10:30:00 PM,14,Saturday,17,1,1,17,36,low
11:00:00 PM,14,Saturday,15,0,0,16,31,low
11:30:00 PM,14,Saturday,14,5,1,12,32,low
12:30:00 AM,15,Sunday,13,0,1,12,26,low
1:15:00 AM,15,Sunday,17,3,1,17,38,low
2:15:00 AM,15,Sunday,18,1,0,16,35,low
2:45:00 AM,15,Sunday,10,1,1,12,24,low
4:15:00 AM,15,Sunday,61,26,1,16,104,low
4:30:00 AM,15,Sunday,72,26,6,4,108,low
5:00:00 AM,15,Sunday,75,1,8,10,94,low
5:15:00 AM,15,Sunday,75,1,7,9,92,low
5:30:00 AM,15,Sunday,93,5,4,1,103,low
6:00:00 AM,15,Sunday,111,18,41,2,172,heavy
6:15:00 AM,15,Sunday,114,27,46,0,187,heavy
6:30:00 AM,15,Sunday,139,19,50,2,210,heavy
6:45:00 AM,15,Sunday,109,14,38,1,162,high
7:15:00 AM,15,Sunday,150,13,31,4,198,heavy
7:30:00 AM,15,Sunday,122,13,47,3,185,heavy
7:45:00 AM,15,Sunday,114,24,46,2,186,heavy
8:00:00 AM,15,Sunday,119,36,41,0,196,heavy
8:15:00 AM,15,Sunday,108,35,39,0,182,heavy
8:30:00 AM,15,Sunday,113,18,28,1,160,high
8:45:00 AM,15,Sunday,118,36,37,0,191,heavy
9:00:00 AM,15,Sunday,113,35,48,3,199,heavy
9:45:00 AM,15,Sunday,37,5,13,11,66,low
10:00:00 AM,15,Sunday,82,17,31,20,150,high
1:15:00 PM,15,Sunday,112,15,40,10,177,heavy
2:30:00 PM,15,Sunday,94,20,35,17,166,high
3:30:00 PM,15,Sunday,21,30,5,5,61,low
3:45:00 PM,15,Sunday,49,16,9,12,86,low
4:00:00 PM,15,Sunday,129,28,40,6,203,heavy
4:15:00 PM,15,Sunday,141,18,28,8,195,heavy
4:30:00 PM,15,Sunday,131,14,43,7,195,heavy
4:45:00 PM,15,Sunday,105,38,23,5,171,heavy
5:00:00 PM,15,Sunday,125,35,37,5,202,heavy
5:15:00 PM,15,Sunday,127,36,42,9,214,heavy
5:30:00 PM,15,Sunday,129,22,25,9,185,heavy
5:45:00 PM,15,Sunday,121,39,47,8,215,heavy
6:00:00 PM,15,Sunday,138,29,42,9,218,heavy
6:15:00 PM,15,Sunday,119,26,21,5,171,heavy
6:30:00 PM,15,Sunday,138,17,48,8,211,heavy
6:45:00 PM,15,Sunday,72,12,14,32,130,high
8:30:00 PM,15,Sunday,59,23,10,35,127,high
10:00:00 PM,15,Sunday,20,3,0,16,39,low
11:45:00 PM,15,Sunday,11,0,1,11,23,low
1:45:00 AM,16,Monday,19,4,0,17,40,low
4:15:00 AM,16,Monday,61,4,5,17,87,low
4:30:00 AM,16,Monday,91,8,6,2,107,low
4:45:00 AM,16,Monday,94,4,5,2,105,low
5:30:00 AM,16,Monday,91,2,3,5,101,low
6:00:00 AM,16,Monday,134,15,42,5,196,heavy
6:15:00 AM,16,Monday,121,35,39,4,199,heavy
6:30:00 AM,16,Monday,118,40,40,3,201,heavy
6:45:00 AM,16,Monday,115,17,40,1,173,heavy
7:00:00 AM,16,Monday,106,22,37,0,165,high
7:15:00 AM,16,Monday,147,26,40,0,213,heavy
7:30:00 AM,16,Monday,102,13,31,2,148,high
8:00:00 AM,16,Monday,130,40,31,2,203,heavy
8:15:00 AM,16,Monday,102,17,33,0,152,high
8:30:00 AM,16,Monday,105,13,48,5,171,heavy
8:45:00 AM,16,Monday,129,24,25,0,178,heavy
9:00:00 AM,16,Monday,117,11,45,0,173,heavy
9:30:00 AM,16,Monday,80,14,35,18,147,high
10:00:00 AM,16,Monday,18,15,9,15,57,low
10:30:00 AM,16,Monday,37,18,8,16,79,low
10:45:00 AM,16,Monday,10,7,5,14,36,low
1:30:00 PM,16,Monday,20,17,9,5,51,low
1:45:00 PM,16,Monday,70,22,38,7,137,high
2:15:00 PM,16,Monday,23,13,12,6,54,low
3:15:00 PM,16,Monday,74,18,37,11,140,high
3:30:00 PM,16,Monday,62,15,8,11,96,low
4:00:00 PM,16,Monday,111,32,43,5,191,heavy
4:15:00 PM,16,Monday,145,12,41,6,204,heavy
4:30:00 PM,16,Monday,139,11,20,7,177,heavy
4:45:00 PM,16,Monday,129,40,31,10,210,heavy
5:00:00 PM,16,Monday,128,22,28,8,186,heavy
5:30:00 PM,16,Monday,127,32,29,7,195,heavy
5:45:00 PM,16,Monday,120,35,44,8,207,heavy
6:00:00 PM,16,Monday,106,11,41,7,165,high
6:15:00 PM,16,Monday,114,40,31,5,190,heavy
6:45:00 PM,16,Monday,110,25,19,34,188,heavy
8:00:00 PM,16,Monday,70,16,19,33,138,high
9:00:00 PM,16,Monday,73,16,14,34,137,high
9:30:00 PM,16,Monday,54,20,10,9,93,low
9:45:00 PM,16,Monday,90,6,18,32,146,high
10:15:00 PM,16,Monday,12,1,0,11,24,low
10:45:00 PM,16,Monday,13,5,1,12,31,low
11:15:00 PM,16,Monday,18,4,0,11,33,low
11:45:00 PM,16,Monday,10,4,1,12,27,low
12:30:00 AM,17,Tuesday,15,2,1,15,33,low
2:00:00 AM,17,Tuesday,13,5,0,17,35,low
3:00:00 AM,17,Tuesday,14,0,0,16,30,low
4:15:00 AM,17,Tuesday,62,20,4,18,104,low
4:30:00 AM,17,Tuesday,50,13,2,14,79,low
5:15:00 AM,17,Tuesday,68,10,8,1,87,low
6:00:00 AM,17,Tuesday,106,13,39,1,159,high
6:15:00 AM,17,Tuesday,105,32,47,4,188,heavy
6:30:00 AM,17,Tuesday,150,19,34,4,207,heavy
6:45:00 AM,17,Tuesday,137,38,39,2,216,heavy
7:00:00 AM,17,Tuesday,113,11,32,1,157,high
7:15:00 AM,17,Tuesday,117,30,26,5,178,heavy
7:30:00 AM,17,Tuesday,130,10,37,1,178,heavy
7:45:00 AM,17,Tuesday,150,32,31,1,214,heavy
8:00:00 AM,17,Tuesday,146,10,30,3,189,heavy
8:15:00 AM,17,Tuesday,123,24,46,2,195,heavy
8:30:00 AM,17,Tuesday,110,24,26,4,164,high
8:45:00 AM,17,Tuesday,111,33,31,2,177,heavy
9:00:00 AM,17,Tuesday,132,18,32,2,184,heavy
1:15:00 PM,17,Tuesday,7,16,11,14,48,low
1:45:00 PM,17,Tuesday,42,25,38,18,123,high
2:00:00 PM,17,Tuesday,82,13,28,5,128,high
3:00:00 PM,17,Tuesday,120,20,21,18,179,heavy
3:15:00 PM,17,Tuesday,114,11,39,10,174,heavy
3:30:00 PM,17,Tuesday,99,24,30,10,163,high
3:45:00 PM,17,Tuesday,78,18,30,8,134,high
4:15:00 PM,17,Tuesday,107,28,38,9,182,heavy
4:30:00 PM,17,Tuesday,123,28,24,10,185,heavy
4:45:00 PM,17,Tuesday,126,15,28,6,175,heavy
5:00:00 PM,17,Tuesday,147,28,23,5,203,heavy
5:15:00 PM,17,Tuesday,100,21,33,7,161,high
5:45:00 PM,17,Tuesday,130,34,30,6,200,heavy
6:00:00 PM,17,Tuesday,118,40,29,10,197,heavy
6:15:00 PM,17,Tuesday,113,38,44,9,204,heavy
6:30:00 PM,17,Tuesday,117,29,29,9,184,heavy
6:45:00 PM,17,Tuesday,106,12,20,32,170,heavy
7:45:00 PM,17,Tuesday,66,6,12,33,117,high
12:30:00 AM,18,Wednesday,20,5,0,10,35,low
3:15:00 AM,18,Wednesday,14,5,0,17,36,low
3:45:00 AM,18,Wednesday,19,0,0,18,37,low
5:45:00 AM,18,Wednesday,50,4,6,13,73,low
6:00:00 AM,18,Wednesday,128,11,46,4,189,heavy
6:15:00 AM,18,Wednesday,129,39,43,0,211,heavy
6:30:00 AM,18,Wednesday,129,27,38,0,194,heavy
7:00:00 AM,18,Wednesday,141,15,21,5,182,heavy
7:15:00 AM,18,Wednesday,120,22,29,1,172,heavy
7:30:00 AM,18,Wednesday,141,24,47,4,216,heavy
7:45:00 AM,18,Wednesday,149,24,33,1,207,heavy
8:00:00 AM,18,Wednesday,140,40,36,1,217,heavy
8:15:00 AM,18,Wednesday,140,20,36,0,196,heavy
8:30:00 AM,18,Wednesday,107,13,31,4,155,high
8:45:00 AM,18,Wednesday,141,15,32,4,192,heavy
9:00:00 AM,18,Wednesday,120,27,38,4,189,heavy
10:15:00 AM,18,Wednesday,54,10,30,28,122,high
1:30:00 PM,18,Wednesday,96,23,31,14,164,high
2:00:00 PM,18,Wednesday,96,22,36,5,159,high
2:30:00 PM,18,Wednesday,114,21,32,5,172,heavy
2:45:00 PM,18,Wednesday,74,27,34,10,145,high
3:00:00 PM,18,Wednesday,14,16,9,14,53,low
3:15:00 PM,18,Wednesday,84,30,26,10,150,high
4:00:00 PM,18,Wednesday,110,15,46,5,176,heavy
4:15:00 PM,18,Wednesday,138,39,31,7,215,heavy
4:30:00 PM,18,Wednesday,118,32,32,10,192,heavy
5:15:00 PM,18,Wednesday,104,29,32,7,172,heavy
5:30:00 PM,18,Wednesday,134,39,21,9,203,heavy
5:45:00 PM,18,Wednesday,107,15,48,5,175,heavy
6:00:00 PM,18,Wednesday,139,25,43,7,214,heavy
6:15:00 PM,18,Wednesday,128,20,20,6,174,heavy
6:30:00 PM,18,Wednesday,101,13,47,10,171,heavy
7:15:00 PM,18,Wednesday,51,23,15,13,102,low
8:30:00 PM,18,Wednesday,105,25,11,35,176,heavy
8:45:00 PM,18,Wednesday,74,9,13,6,102,low
9:15:00 PM,18,Wednesday,57,14,11,33,115,high
9:45:00 PM,18,Wednesday,105,14,16,33,168,heavy
11:15:00 PM,18,Wednesday,13,1,1,18,33,low
12:00:00 AM,19,Thursday,13,5,0,12,30,low
12:15:00 AM,19,Thursday,18,5,0,12,35,low
12:45:00 AM,19,Thursday,14,2,0,15,31,low
1:00:00 AM,19,Thursday,16,3,0,15,34,low
1:30:00 AM,19,Thursday,17,5,0,18,40,low
2:45:00 AM,19,Thursday,15,4,0,14,33,low
3:00:00 AM,19,Thursday,12,3,1,13,29,low
3:45:00 AM,19,Thursday,12,0,1,13,26,low
4:00:00 AM,19,Thursday,18,2,0,16,36,low
5:00:00 AM,19,Thursday,88,3,6,4,101,low
6:00:00 AM,19,Thursday,107,26,31,2,166,high
6:15:00 AM,19,Thursday,103,11,35,5,154,high
6:30:00 AM,19,Thursday,145,13,33,3,194,heavy
6:45:00 AM,19,Thursday,143,22,37,4,206,heavy
7:00:00 AM,19,Thursday,113,38,50,3,204,heavy
7:15:00 AM,19,Thursday,149,10,47,3,209,heavy
7:30:00 AM,19,Thursday,132,33,35,2,202,heavy
7:45:00 AM,19,Thursday,119,40,41,2,202,heavy
8:00:00 AM,19,Thursday,133,31,27,2,193,heavy
8:15:00 AM,19,Thursday,140,20,44,4,208,heavy
8:30:00 AM,19,Thursday,140,34,31,1,206,heavy
8:45:00 AM,19,Thursday,128,37,50,2,217,heavy
9:00:00 AM,19,Thursday,132,11,24,3,170,heavy
9:45:00 AM,19,Thursday,99,14,33,14,160,high
10:00:00 AM,19,Thursday,10,1,13,7,31,low
10:15:00 AM,19,Thursday,74,21,29,26,150,high
10:45:00 AM,19,Thursday,50,17,38,24,129,high
1:30:00 PM,19,Thursday,24,20,7,9,60,low
2:00:00 PM,19,Thursday,52,13,15,10,90,low
4:00:00 PM,19,Thursday,133,10,46,10,199,heavy
4:15:00 PM,19,Thursday,104,31,37,6,178,heavy
4:30:00 PM,19,Thursday,100,38,36,9,183,heavy
4:45:00 PM,19,Thursday,127,25,37,5,194,heavy
5:00:00 PM,19,Thursday,118,32,48,6,204,heavy
5:15:00 PM,19,Thursday,147,19,31,8,205,heavy
5:30:00 PM,19,Thursday,123,36,34,5,198,heavy
6:00:00 PM,19,Thursday,121,16,42,8,187,heavy
6:15:00 PM,19,Thursday,119,38,47,7,211,heavy
6:30:00 PM,19,Thursday,132,30,41,6,209,heavy
6:45:00 PM,19,Thursday,52,6,12,18,88,low
7:15:00 PM,19,Thursday,50,16,20,31,117,high
7:45:00 PM,19,Thursday,66,11,18,34,129,high
8:15:00 PM,19,Thursday,56,23,10,18,107,low
8:45:00 PM,19,Thursday,60,18,11,16,105,low
9:30:00 PM,19,Thursday,78,20,11,35,144,high
10:00:00 PM,19,Thursday,18,1,0,10,29,low
10:30:00 PM,19,Thursday,12,4,1,18,35,low
11:15:00 PM,19,Thursday,14,4,0,15,33,low
11:30:00 PM,19,Thursday,15,4,0,17,36,low
12:15:00 AM,20,Friday,14,4,1,12,31,low
12:30:00 AM,20,Friday,16,2,0,15,33,low
12:45:00 AM,20,Friday,13,4,1,14,32,low
1:30:00 AM,20,Friday,18,4,0,18,40,low
1:45:00 AM,20,Friday,18,1,1,12,32,low
3:45:00 AM,20,Friday,15,4,1,16,36,low
4:15:00 AM,20,Friday,61,5,3,14,83,low
4:30:00 AM,20,Friday,27,15,6,10,58,low
4:45:00 AM,20,Friday,74,11,5,15,105,low
5:00:00 AM,20,Friday,70,6,7,14,97,low
5:15:00 AM,20,Friday,33,6,0,11,50,low
5:30:00 AM,20,Friday,29,12,1,13,55,low
5:45:00 AM,20,Friday,69,5,7,10,91,low
6:00:00 AM,20,Friday,41,16,7,15,79,low
6:15:00 AM,20,Friday,35,11,5,11,62,low
6:30:00 AM,20,Friday,25,9,6,14,54,low
6:45:00 AM,20,Friday,65,15,1,11,92,low
7:00:00 AM,20,Friday,66,6,3,14,89,low
7:15:00 AM,20,Friday,27,6,5,15,53,low
7:30:00 AM,20,Friday,75,6,1,10,92,low
7:45:00 AM,20,Friday,54,11,4,12,81,low
8:00:00 AM,20,Friday,54,18,3,12,87,low
8:15:00 AM,20,Friday,69,8,0,14,91,low
8:30:00 AM,20,Friday,52,19,6,10,87,low
8:45:00 AM,20,Friday,66,8,0,12,86,low
9:00:00 AM,20,Friday,54,11,0,13,78,low
9:15:00 AM,20,Friday,151,48,15,3,217,heavy
9:30:00 AM,20,Friday,170,62,18,2,252,heavy
9:45:00 AM,20,Friday,134,59,11,3,207,heavy
10:00:00 AM,20,Friday,166,63,22,1,252,heavy
10:15:00 AM,20,Friday,173,64,10,2,249,heavy
10:30:00 AM,20,Friday,176,45,22,2,245,heavy
10:45:00 AM,20,Friday,162,59,27,1,249,heavy
11:00:00 AM,20,Friday,171,46,15,3,235,heavy
11:15:00 AM,20,Friday,158,44,26,2,230,heavy
11:30:00 AM,20,Friday,151,64,16,0,231,heavy
11:45:00 AM,20,Friday,162,65,14,3,244,heavy
12:00:00 PM,20,Friday,179,44,23,1,247,heavy
12:15:00 PM,20,Friday,175,59,11,3,248,heavy
12:30:00 PM,20,Friday,173,63,13,2,251,heavy
12:45:00 PM,20,Friday,144,66,11,3,224,heavy
1:00:00 PM,20,Friday,132,68,22,4,226,heavy
1:15:00 PM,20,Friday,161,50,10,0,221,heavy
1:30:00 PM,20,Friday,151,56,29,1,237,heavy
1:45:00 PM,20,Friday,168,59,24,1,252,heavy
2:00:00 PM,20,Friday,144,65,20,3,232,heavy
2:15:00 PM,20,Friday,179,63,12,2,256,heavy
2:30:00 PM,20,Friday,161,56,12,4,233,heavy
2:45:00 PM,20,Friday,134,67,12,1,214,heavy
3:00:00 PM,20,Friday,140,70,23,4,237,heavy
4:45:00 PM,20,Friday,50,26,9,1,86,low
5:00:00 PM,20,Friday,55,28,5,0,88,low
6:45:00 PM,20,Friday,65,20,2,0,87,low
7:00:00 PM,20,Friday,60,21,2,1,84,low
7:15:00 PM,20,Friday,36,8,3,9,56,low
7:30:00 PM,20,Friday,39,5,4,11,59,low
7:45:00 PM,20,Friday,26,8,3,0,37,low
8:00:00 PM,20,Friday,23,4,0,5,32,low
8:15:00 PM,20,Friday,50,2,0,4,56,low
8:30:00 PM,20,Friday,30,2,3,1,36,low
8:45:00 PM,20,Friday,48,10,4,2,64,low
9:00:00 PM,20,Friday,39,6,6,1,52,low
9:15:00 PM,20,Friday,47,10,3,9,69,low
9:30:00 PM,20,Friday,26,3,5,3,37,low
9:45:00 PM,20,Friday,25,6,3,9,43,low
10:00:00 PM,20,Friday,19,1,0,11,31,low
10:45:00 PM,20,Friday,14,5,0,11,30,low
11:30:00 PM,20,Friday,18,5,1,11,35,low
12:30:00 AM,21,Sunday,16,3,0,14,33,low
1:00:00 AM,21,Sunday,20,0,1,17,38,low
1:45:00 AM,21,Sunday,19,1,0,14,34,low
2:45:00 AM,21,Sunday,12,2,1,10,25,low
3:30:00 AM,21,Sunday,14,1,1,12,28,low
5:00:00 AM,21,Sunday,87,7,7,4,105,low
5:30:00 AM,21,Sunday,51,7,4,5,67,low
5:45:00 AM,21,Sunday,79,1,10,6,96,low
6:00:00 AM,21,Sunday,100,40,29,5,174,heavy
6:15:00 AM,21,Sunday,112,13,39,0,164,high
6:30:00 AM,21,Sunday,120,16,34,2,172,heavy
6:45:00 AM,21,Sunday,123,14,26,3,166,high
7:00:00 AM,21,Sunday,142,27,27,4,200,heavy
7:15:00 AM,21,Sunday,139,38,49,2,228,heavy
7:30:00 AM,21,Sunday,134,24,21,2,181,heavy
7:45:00 AM,21,Sunday,102,13,31,0,146,high
8:00:00 AM,21,Sunday,102,16,43,4,165,high
8:15:00 AM,21,Sunday,106,16,32,1,155,high
8:30:00 AM,21,Sunday,117,19,42,3,181,heavy
8:45:00 AM,21,Sunday,139,36,40,3,218,heavy
10:15:00 AM,21,Sunday,81,10,39,29,159,high
10:30:00 AM,21,Sunday,67,20,33,29,149,high
1:30:00 PM,21,Sunday,46,24,35,16,121,high
1:45:00 PM,21,Sunday,68,29,29,20,146,high
2:00:00 PM,21,Sunday,45,16,15,5,81,low
3:15:00 PM,21,Sunday,44,16,9,13,82,low
4:00:00 PM,21,Sunday,138,18,20,8,184,heavy
4:15:00 PM,21,Sunday,142,24,39,9,214,heavy
4:45:00 PM,21,Sunday,116,35,42,6,199,heavy
5:00:00 PM,21,Sunday,149,22,37,8,216,heavy
5:15:00 PM,21,Sunday,100,12,39,7,158,high
5:30:00 PM,21,Sunday,101,23,45,5,174,heavy
5:45:00 PM,21,Sunday,122,40,48,10,220,heavy
6:00:00 PM,21,Sunday,112,34,39,9,194,heavy
6:15:00 PM,21,Sunday,112,12,41,5,170,heavy
6:30:00 PM,21,Sunday,116,22,23,7,168,heavy
6:45:00 PM,21,Sunday,90,13,15,33,151,high
8:15:00 PM,21,Sunday,61,17,10,8,96,low
9:00:00 PM,21,Sunday,65,16,12,32,125,high
9:45:00 PM,21,Sunday,82,16,14,34,146,high
10:15:00 PM,21,Sunday,15,5,0,14,34,low
10:30:00 PM,21,Sunday,18,5,1,13,37,low
11:15:00 PM,21,Sunday,14,4,0,10,28,low
11:45:00 PM,21,Sunday,10,2,1,15,28,low
12:30:00 AM,22,Saturday,11,5,1,11,28,low
1:00:00 AM,22,Saturday,20,4,1,17,42,low
1:30:00 AM,22,Saturday,12,2,1,18,33,low
1:45:00 AM,22,Saturday,15,0,1,16,32,low
2:00:00 AM,22,Saturday,19,5,0,15,39,low
2:30:00 AM,22,Saturday,14,5,0,10,29,low
3:15:00 AM,22,Saturday,18,2,1,12,33,low
4:00:00 AM,22,Saturday,13,4,0,17,34,low
4:30:00 AM,22,Saturday,59,29,9,14,111,low
5:45:00 AM,22,Saturday,83,6,4,9,102,low
6:00:00 AM,22,Saturday,150,19,24,3,196,heavy
6:15:00 AM,22,Saturday,148,35,46,1,230,heavy
6:30:00 AM,22,Saturday,146,23,23,4,196,heavy
6:45:00 AM,22,Saturday,140,21,39,3,203,heavy
7:00:00 AM,22,Saturday,149,36,35,1,221,heavy
7:15:00 AM,22,Saturday,125,34,42,0,201,heavy
7:30:00 AM,22,Saturday,147,34,20,5,206,heavy
7:45:00 AM,22,Saturday,128,33,21,4,186,heavy
8:00:00 AM,22,Saturday,111,38,50,5,204,heavy
8:15:00 AM,22,Saturday,144,20,32,4,200,heavy
8:45:00 AM,22,Saturday,136,36,40,4,216,heavy
9:15:00 AM,22,Saturday,75,17,37,29,158,high
9:45:00 AM,22,Saturday,45,6,7,15,73,low
2:15:00 PM,22,Saturday,96,16,39,17,168,heavy
3:00:00 PM,22,Saturday,60,18,28,12,118,high
3:30:00 PM,22,Saturday,118,15,27,13,173,heavy
4:00:00 PM,22,Saturday,132,12,27,9,180,heavy
4:15:00 PM,22,Saturday,149,14,50,5,218,heavy
4:30:00 PM,22,Saturday,106,35,41,5,187,heavy
4:45:00 PM,22,Saturday,150,29,27,7,213,heavy
5:00:00 PM,22,Saturday,110,30,46,5,191,heavy
5:15:00 PM,22,Saturday,129,35,34,5,203,heavy
5:30:00 PM,22,Saturday,133,21,26,5,185,heavy
5:45:00 PM,22,Saturday,148,34,45,7,234,heavy
6:00:00 PM,22,Saturday,144,39,43,8,234,heavy
6:15:00 PM,22,Saturday,126,27,44,8,205,heavy
6:30:00 PM,22,Saturday,103,34,49,5,191,heavy
7:45:00 PM,22,Saturday,69,23,12,31,135,high
9:00:00 PM,22,Saturday,63,18,11,5,97,low
12:00:00 AM,23,Monday,13,2,1,17,33,low
12:30:00 AM,23,Monday,10,2,1,12,25,low
1:00:00 AM,23,Monday,12,0,1,16,29,low
1:30:00 AM,23,Monday,13,1,1,16,31,low
1:45:00 AM,23,Monday,17,3,0,10,30,low
2:15:00 AM,23,Monday,10,4,1,16,31,low
3:00:00 AM,23,Monday,20,1,1,16,38,low
3:15:00 AM,23,Monday,16,1,1,15,33,low
4:30:00 AM,23,Monday,51,14,0,5,70,low
4:45:00 AM,23,Monday,63,25,2,8,98,low
5:00:00 AM,23,Monday,72,7,1,4,84,low
5:15:00 AM,23,Monday,86,18,6,1,111,low
6:00:00 AM,23,Monday,120,36,32,0,188,heavy
6:15:00 AM,23,Monday,135,20,31,0,186,heavy
6:30:00 AM,23,Monday,112,40,42,3,197,heavy
6:45:00 AM,23,Monday,135,13,20,3,171,heavy
7:15:00 AM,23,Monday,150,25,36,0,211,heavy
7:45:00 AM,23,Monday,108,40,45,1,194,heavy
8:15:00 AM,23,Monday,131,18,41,1,191,heavy
8:30:00 AM,23,Monday,148,31,20,4,203,heavy
8:45:00 AM,23,Monday,120,26,22,1,169,heavy
9:00:00 AM,23,Monday,147,12,32,0,191,heavy
9:15:00 AM,23,Monday,73,9,35,12,129,high
10:00:00 AM,23,Monday,18,6,6,6,36,low
10:45:00 AM,23,Monday,82,2,40,17,141,high
1:45:00 PM,23,Monday,42,14,15,14,85,low
2:15:00 PM,23,Monday,56,18,29,17,120,high
2:30:00 PM,23,Monday,65,16,32,15,128,high
2:45:00 PM,23,Monday,107,11,26,19,163,high
3:30:00 PM,23,Monday,45,17,7,6,75,low
4:00:00 PM,23,Monday,104,40,22,9,175,heavy
4:15:00 PM,23,Monday,113,21,26,5,165,high
4:30:00 PM,23,Monday,120,29,37,6,192,heavy
4:45:00 PM,23,Monday,129,10,39,6,184,heavy
5:00:00 PM,23,Monday,119,29,40,10,198,heavy
5:15:00 PM,23,Monday,119,25,32,9,185,heavy
5:30:00 PM,23,Monday,123,10,30,7,170,heavy
5:45:00 PM,23,Monday,111,33,28,5,177,heavy
6:00:00 PM,23,Monday,110,12,47,8,177,heavy
6:15:00 PM,23,Monday,139,15,43,9,206,heavy
6:30:00 PM,23,Monday,132,29,25,7,193,heavy
7:45:00 PM,23,Monday,86,24,20,34,164,high
8:15:00 PM,23,Monday,54,9,15,7,85,low
8:30:00 PM,23,Monday,59,12,16,35,122,high
9:00:00 PM,23,Monday,73,18,10,35,136,high
9:45:00 PM,23,Monday,106,9,12,31,158,high
10:00:00 PM,23,Monday,18,3,0,11,32,low
11:15:00 PM,23,Monday,12,3,1,13,29,low
12:00:00 AM,24,Tuesday,17,2,0,18,37,low
1:00:00 AM,24,Tuesday,11,4,0,12,27,low
2:30:00 AM,24,Tuesday,15,5,1,16,37,low
3:00:00 AM,24,Tuesday,19,4,1,17,41,low
3:15:00 AM,24,Tuesday,10,2,1,12,25,low
3:30:00 AM,24,Tuesday,10,0,0,11,21,low
4:00:00 AM,24,Tuesday,10,1,0,12,23,low
4:15:00 AM,24,Tuesday,73,12,5,5,95,low
5:15:00 AM,24,Tuesday,80,10,4,15,109,low
5:45:00 AM,24,Tuesday,68,17,6,10,101,low
6:00:00 AM,24,Tuesday,109,40,38,0,187,heavy
6:15:00 AM,24,Tuesday,124,25,31,1,181,heavy
6:30:00 AM,24,Tuesday,126,22,21,1,170,heavy
6:45:00 AM,24,Tuesday,120,31,29,5,185,heavy
7:00:00 AM,24,Tuesday,101,20,47,5,173,heavy
7:15:00 AM,24,Tuesday,139,40,48,2,229,heavy
8:00:00 AM,24,Tuesday,137,40,21,5,203,heavy
8:15:00 AM,24,Tuesday,131,26,36,0,193,heavy
8:30:00 AM,24,Tuesday,114,27,45,4,190,heavy
8:45:00 AM,24,Tuesday,102,14,46,1,163,high
9:00:00 AM,24,Tuesday,116,24,32,5,177,heavy
9:30:00 AM,24,Tuesday,41,12,15,10,78,low
10:00:00 AM,24,Tuesday,90,25,26,10,151,high
1:30:00 PM,24,Tuesday,108,21,37,14,180,heavy
1:45:00 PM,24,Tuesday,53,19,33,9,114,high
2:00:00 PM,24,Tuesday,75,23,31,13,142,high
3:00:00 PM,24,Tuesday,47,21,9,18,95,low
3:15:00 PM,24,Tuesday,116,20,17,19,172,heavy
3:30:00 PM,24,Tuesday,65,14,6,9,94,low
4:00:00 PM,24,Tuesday,100,21,45,9,175,heavy
4:15:00 PM,24,Tuesday,121,24,31,6,182,heavy
4:30:00 PM,24,Tuesday,110,15,50,5,180,heavy
4:45:00 PM,24,Tuesday,103,17,28,5,153,high
5:00:00 PM,24,Tuesday,136,38,20,5,199,heavy
5:15:00 PM,24,Tuesday,119,22,32,9,182,heavy
5:30:00 PM,24,Tuesday,132,17,36,5,190,heavy
5:45:00 PM,24,Tuesday,147,10,41,5,203,heavy
6:00:00 PM,24,Tuesday,111,12,44,6,173,heavy
6:15:00 PM,24,Tuesday,102,27,32,5,166,high
6:30:00 PM,24,Tuesday,137,25,29,7,198,heavy
6:45:00 PM,24,Tuesday,71,17,15,31,134,high
7:30:00 PM,24,Tuesday,91,9,11,32,143,high
7:45:00 PM,24,Tuesday,95,6,11,35,147,high
8:00:00 PM,24,Tuesday,76,16,10,31,133,high
9:00:00 PM,24,Tuesday,102,18,19,29,168,heavy
9:15:00 PM,24,Tuesday,60,23,10,13,106,low
9:45:00 PM,24,Tuesday,104,15,10,32,161,high
10:15:00 PM,24,Tuesday,12,1,0,12,25,low
12:15:00 AM,25,Wednesday,13,1,0,10,24,low
1:00:00 AM,25,Wednesday,20,0,0,10,30,low
1:30:00 AM,25,Wednesday,19,1,1,11,32,low
2:00:00 AM,25,Wednesday,15,1,1,15,32,low
5:30:00 AM,25,Wednesday,59,25,2,7,93,low
5:45:00 AM,25,Wednesday,58,25,2,5,90,low
6:00:00 AM,25,Wednesday,113,40,36,4,193,heavy
6:15:00 AM,25,Wednesday,113,16,50,2,181,heavy
6:30:00 AM,25,Wednesday,121,27,50,4,202,heavy
6:45:00 AM,25,Wednesday,150,17,28,0,195,heavy
7:00:00 AM,25,Wednesday,136,29,23,0,188,heavy
7:15:00 AM,25,Wednesday,142,32,27,2,203,heavy
7:30:00 AM,25,Wednesday,106,32,42,2,182,heavy
8:00:00 AM,25,Wednesday,131,19,26,1,177,heavy
8:15:00 AM,25,Wednesday,133,23,21,3,180,heavy
8:30:00 AM,25,Wednesday,123,17,50,1,191,heavy
8:45:00 AM,25,Wednesday,124,21,35,2,182,heavy
9:00:00 AM,25,Wednesday,136,26,20,4,186,heavy
9:15:00 AM,25,Wednesday,92,10,39,19,160,high
1:15:00 PM,25,Wednesday,58,13,10,12,93,low
2:00:00 PM,25,Wednesday,22,28,11,18,79,low
2:30:00 PM,25,Wednesday,92,18,34,18,162,high
2:45:00 PM,25,Wednesday,97,17,38,20,172,heavy
3:00:00 PM,25,Wednesday,92,18,31,6,147,high
3:30:00 PM,25,Wednesday,67,22,7,5,101,low
4:00:00 PM,25,Wednesday,144,15,42,8,209,heavy
4:15:00 PM,25,Wednesday,120,11,47,7,185,heavy
4:30:00 PM,25,Wednesday,108,10,36,6,160,high
4:45:00 PM,25,Wednesday,141,13,50,6,210,heavy
5:00:00 PM,25,Wednesday,121,37,29,8,195,heavy
5:15:00 PM,25,Wednesday,142,40,22,6,210,heavy
5:30:00 PM,25,Wednesday,137,23,28,7,195,heavy
5:45:00 PM,25,Wednesday,117,10,27,8,162,high
6:00:00 PM,25,Wednesday,100,16,37,7,160,high
6:15:00 PM,25,Wednesday,148,11,42,8,209,heavy
6:30:00 PM,25,Wednesday,148,27,39,6,220,heavy
7:00:00 PM,25,Wednesday,75,9,14,6,104,low
8:00:00 PM,25,Wednesday,87,21,14,34,156,high
8:15:00 PM,25,Wednesday,64,24,11,6,105,low
8:45:00 PM,25,Wednesday,69,11,12,8,100,low
9:30:00 PM,25,Wednesday,104,10,16,33,163,high
9:45:00 PM,25,Wednesday,98,13,13,33,157,high
10:00:00 PM,25,Wednesday,13,5,0,18,36,low
10:15:00 PM,25,Wednesday,17,1,0,11,29,low
11:00:00 PM,25,Wednesday,17,4,0,11,32,low
12:30:00 AM,26,Thursday,10,1,0,17,28,low
1:45:00 AM,26,Thursday,14,2,1,14,31,low
4:45:00 AM,26,Thursday,54,14,10,16,94,low
5:00:00 AM,26,Thursday,55,15,1,10,81,low
5:15:00 AM,26,Thursday,64,27,5,5,101,low
5:30:00 AM,26,Thursday,52,13,5,15,85,low
5:45:00 AM,26,Thursday,73,11,4,3,91,low
6:00:00 AM,26,Thursday,106,27,45,5,183,heavy
6:15:00 AM,26,Thursday,145,21,40,5,211,heavy
6:30:00 AM,26,Thursday,133,19,28,5,185,heavy
6:45:00 AM,26,Thursday,117,31,49,0,197,heavy
7:00:00 AM,26,Thursday,146,17,34,0,197,heavy
7:15:00 AM,26,Thursday,101,35,42,3,181,heavy
7:30:00 AM,26,Thursday,103,28,32,1,164,high
7:45:00 AM,26,Thursday,150,10,26,0,186,heavy
8:00:00 AM,26,Thursday,135,23,48,0,206,heavy
8:15:00 AM,26,Thursday,104,10,48,2,164,high
8:30:00 AM,26,Thursday,144,39,50,1,234,heavy
8:45:00 AM,26,Thursday,132,10,49,0,191,heavy
9:00:00 AM,26,Thursday,142,19,31,1,193,heavy
9:30:00 AM,26,Thursday,27,24,10,5,66,low
10:00:00 AM,26,Thursday,84,11,27,26,148,high
1:30:00 PM,26,Thursday,82,30,32,10,154,high
1:45:00 PM,26,Thursday,57,12,9,17,95,low
2:15:00 PM,26,Thursday,79,17,34,8,138,high
2:45:00 PM,26,Thursday,69,14,32,18,133,high
4:00:00 PM,26,Thursday,127,27,40,5,199,heavy
4:15:00 PM,26,Thursday,136,10,27,7,180,heavy
4:30:00 PM,26,Thursday,148,14,37,9,208,heavy
4:45:00 PM,26,Thursday,122,16,28,6,172,heavy
5:00:00 PM,26,Thursday,132,12,45,9,198,heavy
5:15:00 PM,26,Thursday,136,29,29,10,204,heavy
5:30:00 PM,26,Thursday,103,33,48,10,194,heavy
5:45:00 PM,26,Thursday,132,37,23,10,202,heavy
6:00:00 PM,26,Thursday,136,39,39,6,220,heavy
6:15:00 PM,26,Thursday,120,24,36,5,185,heavy
6:30:00 PM,26,Thursday,126,34,38,9,207,heavy
9:45:00 PM,26,Thursday,101,15,12,35,163,high
10:00:00 PM,26,Thursday,17,5,1,16,39,low
10:45:00 PM,26,Thursday,17,2,0,17,36,low
11:30:00 PM,26,Thursday,15,2,0,15,32,low
11:45:00 PM,26,Thursday,20,0,1,12,33,low
12:45:00 AM,27,Friday,15,2,1,16,34,low
1:30:00 AM,27,Friday,20,2,0,17,39,low
1:45:00 AM,27,Friday,12,2,0,16,30,low
2:30:00 AM,27,Friday,12,0,0,11,23,low
3:00:00 AM,27,Friday,19,5,1,18,43,low
3:15:00 AM,27,Friday,11,0,0,15,26,low
3:30:00 AM,27,Friday,15,4,1,17,37,low
4:15:00 AM,27,Friday,39,14,0,15,68,low
4:30:00 AM,27,Friday,33,7,3,10,53,low
4:45:00 AM,27,Friday,77,8,7,15,107,low
5:15:00 AM,27,Friday,53,11,7,15,86,low
5:30:00 AM,27,Friday,73,17,6,13,109,low
6:00:00 AM,27,Friday,76,14,1,12,103,low
6:15:00 AM,27,Friday,58,14,0,15,87,low
6:30:00 AM,27,Friday,57,18,7,13,95,low
6:45:00 AM,27,Friday,80,16,0,10,106,low
7:00:00 AM,27,Friday,38,7,1,13,59,low
7:15:00 AM,27,Friday,53,20,6,12,91,low
7:30:00 AM,27,Friday,30,9,7,10,56,low
7:45:00 AM,27,Friday,50,19,4,10,83,low
8:00:00 AM,27,Friday,31,14,3,14,62,low
8:15:00 AM,27,Friday,28,18,5,10,61,low
8:30:00 AM,27,Friday,31,15,4,12,62,low
8:45:00 AM,27,Friday,52,19,0,10,81,low
9:00:00 AM,27,Friday,42,9,2,13,66,low
9:15:00 AM,27,Friday,151,55,27,2,235,heavy
9:30:00 AM,27,Friday,180,69,29,1,279,heavy
9:45:00 AM,27,Friday,149,41,23,3,216,heavy
10:00:00 AM,27,Friday,167,60,27,3,257,heavy
10:15:00 AM,27,Friday,134,45,22,3,204,heavy
10:30:00 AM,27,Friday,180,62,26,4,272,heavy
10:45:00 AM,27,Friday,156,54,25,3,238,heavy
11:00:00 AM,27,Friday,171,60,18,1,250,heavy
11:15:00 AM,27,Friday,174,53,10,3,240,heavy
11:30:00 AM,27,Friday,154,61,16,3,234,heavy
11:45:00 AM,27,Friday,161,53,11,1,226,heavy
12:00:00 PM,27,Friday,148,48,13,2,211,heavy
12:15:00 PM,27,Friday,136,60,27,2,225,heavy
12:30:00 PM,27,Friday,143,68,16,0,227,heavy
12:45:00 PM,27,Friday,152,51,22,2,227,heavy
1:00:00 PM,27,Friday,132,58,15,4,209,heavy
1:15:00 PM,27,Friday,155,58,15,4,232,heavy
1:30:00 PM,27,Friday,144,62,12,3,221,heavy
1:45:00 PM,27,Friday,161,51,20,1,233,heavy
2:00:00 PM,27,Friday,137,46,13,2,198,heavy
2:15:00 PM,27,Friday,149,61,16,1,227,heavy
2:30:00 PM,27,Friday,158,46,20,1,225,heavy
2:45:00 PM,27,Friday,134,65,22,0,221,heavy
3:00:00 PM,27,Friday,134,65,10,2,211,heavy
3:15:00 PM,27,Friday,73,24,4,0,101,low
4:15:00 PM,27,Friday,61,26,8,0,95,low
4:30:00 PM,27,Friday,75,24,8,0,107,low
5:15:00 PM,27,Friday,68,29,14,0,111,low
6:00:00 PM,27,Friday,66,23,10,0,99,low
6:15:00 PM,27,Friday,50,23,1,0,74,low
7:15:00 PM,27,Friday,33,6,0,4,43,low
7:30:00 PM,27,Friday,21,5,6,15,47,low
7:45:00 PM,27,Friday,22,7,1,2,32,low
8:00:00 PM,27,Friday,31,6,0,15,52,low
8:15:00 PM,27,Friday,41,8,3,2,54,low
8:30:00 PM,27,Friday,24,6,5,11,46,low
8:45:00 PM,27,Friday,45,6,6,10,67,low
9:00:00 PM,27,Friday,24,11,6,2,43,low
9:15:00 PM,27,Friday,47,6,2,12,67,low
9:30:00 PM,27,Friday,46,1,1,4,52,low
9:45:00 PM,27,Friday,26,3,2,3,34,low
10:30:00 PM,27,Friday,19,0,1,17,37,low
11:15:00 PM,27,Friday,19,4,0,12,35,low
11:45:00 PM,27,Friday,12,0,0,17,29,low
12:15:00 AM,28,Saturday,19,4,0,14,37,low
1:00:00 AM,28,Saturday,20,0,0,11,31,low
1:30:00 AM,28,Saturday,15,2,0,18,35,low
2:00:00 AM,28,Saturday,11,2,0,18,31,low
3:15:00 AM,28,Saturday,19,0,0,17,36,low
4:00:00 AM,28,Saturday,18,3,0,17,38,low
6:15:00 AM,28,Saturday,128,18,31,3,180,heavy
6:30:00 AM,28,Saturday,127,24,27,0,178,heavy
6:45:00 AM,28,Saturday,130,31,22,0,183,heavy
7:00:00 AM,28,Saturday,108,13,38,1,160,high
7:15:00 AM,28,Saturday,116,22,37,2,177,heavy
7:30:00 AM,28,Saturday,143,28,27,4,202,heavy
7:45:00 AM,28,Saturday,118,32,21,5,176,heavy
8:00:00 AM,28,Saturday,121,35,32,0,188,heavy
8:15:00 AM,28,Saturday,109,28,39,2,178,heavy
8:30:00 AM,28,Saturday,135,11,23,5,174,heavy
8:45:00 AM,28,Saturday,100,30,29,2,161,high
9:00:00 AM,28,Saturday,138,32,26,4,200,heavy
9:45:00 AM,28,Saturday,42,9,37,28,116,high
10:00:00 AM,28,Saturday,80,6,12,6,104,low
10:30:00 AM,28,Saturday,44,17,27,30,118,high
10:45:00 AM,28,Saturday,25,12,13,5,55,low
1:45:00 PM,28,Saturday,110,23,34,9,176,heavy
3:15:00 PM,28,Saturday,80,26,35,6,147,high
4:00:00 PM,28,Saturday,101,37,48,9,195,heavy
4:15:00 PM,28,Saturday,149,32,29,10,220,heavy
4:30:00 PM,28,Saturday,136,21,33,9,199,heavy
5:15:00 PM,28,Saturday,125,14,26,5,170,heavy
5:30:00 PM,28,Saturday,118,28,23,8,177,heavy
5:45:00 PM,28,Saturday,114,32,45,6,197,heavy
6:00:00 PM,28,Saturday,123,37,46,8,214,heavy
6:30:00 PM,28,Saturday,111,25,35,10,181,heavy
6:45:00 PM,28,Saturday,66,8,11,9,94,low
7:45:00 PM,28,Saturday,53,22,14,35,124,high
8:00:00 PM,28,Saturday,74,10,12,32,128,high
8:30:00 PM,28,Saturday,61,21,15,32,129,high
9:45:00 PM,28,Saturday,74,16,14,34,138,high
11:00:00 PM,28,Saturday,17,0,1,12,30,low
11:15:00 PM,28,Saturday,14,0,0,14,28,low
11:45:00 PM,28,Saturday,17,2,0,18,37,low
1:00:00 AM,29,Sunday,19,5,0,12,36,low
2:45:00 AM,29,Sunday,19,2,1,12,34,low
4:45:00 AM,29,Sunday,55,4,7,13,79,low
5:00:00 AM,29,Sunday,82,2,4,14,102,low
5:30:00 AM,29,Sunday,86,5,1,13,105,low
6:00:00 AM,29,Sunday,112,30,26,0,168,heavy
6:15:00 AM,29,Sunday,147,31,46,0,224,heavy
6:30:00 AM,29,Sunday,116,20,40,2,178,heavy
6:45:00 AM,29,Sunday,138,13,21,5,177,heavy
7:00:00 AM,29,Sunday,132,25,40,2,199,heavy
7:15:00 AM,29,Sunday,124,14,31,4,173,heavy
7:45:00 AM,29,Sunday,104,24,29,5,162,high
8:00:00 AM,29,Sunday,140,31,21,4,196,heavy
8:15:00 AM,29,Sunday,121,35,37,3,196,heavy
8:30:00 AM,29,Sunday,135,23,37,5,200,heavy
8:45:00 AM,29,Sunday,149,20,30,5,204,heavy
9:00:00 AM,29,Sunday,117,14,39,0,170,heavy
10:45:00 AM,29,Sunday,54,24,37,20,135,high
2:00:00 PM,29,Sunday,56,14,38,12,120,high
2:30:00 PM,29,Sunday,29,18,10,9,66,low
3:00:00 PM,29,Sunday,53,27,27,17,124,high
3:15:00 PM,29,Sunday,95,22,28,9,154,high
3:45:00 PM,29,Sunday,68,28,31,15,142,high
4:15:00 PM,29,Sunday,144,28,24,8,204,heavy
4:30:00 PM,29,Sunday,112,31,43,8,194,heavy
4:45:00 PM,29,Sunday,149,28,20,10,207,heavy
5:00:00 PM,29,Sunday,131,29,34,8,202,heavy
5:15:00 PM,29,Sunday,104,31,41,9,185,heavy
5:30:00 PM,29,Sunday,141,30,27,7,205,heavy
5:45:00 PM,29,Sunday,117,10,47,9,183,heavy
6:00:00 PM,29,Sunday,112,13,37,6,168,heavy
6:15:00 PM,29,Sunday,127,40,39,8,214,heavy
6:30:00 PM,29,Sunday,131,15,31,6,183,heavy
6:45:00 PM,29,Sunday,66,8,10,11,95,low
7:00:00 PM,29,Sunday,61,23,18,34,136,high
8:45:00 PM,29,Sunday,74,9,14,35,132,high
9:00:00 PM,29,Sunday,57,14,11,16,98,low
9:15:00 PM,29,Sunday,73,9,13,5,100,low
10:45:00 PM,29,Sunday,10,4,1,13,28,low
11:45:00 PM,29,Sunday,16,1,0,12,29,low
12:00:00 AM,30,Monday,13,3,1,12,29,low
1:00:00 AM,30,Monday,10,3,1,12,26,low
2:45:00 AM,30,Monday,15,4,0,12,31,low
3:15:00 AM,30,Monday,14,0,0,15,29,low
3:30:00 AM,30,Monday,16,0,0,16,32,low
5:00:00 AM,30,Monday,94,1,1,14,110,low
5:15:00 AM,30,Monday,63,12,10,17,102,low
6:15:00 AM,30,Monday,148,26,25,0,199,heavy
6:30:00 AM,30,Monday,115,20,31,3,169,heavy
7:00:00 AM,30,Monday,140,38,38,0,216,heavy
7:15:00 AM,30,Monday,150,17,35,5,207,heavy
7:30:00 AM,30,Monday,149,11,42,2,204,heavy
7:45:00 AM,30,Monday,150,22,38,3,213,heavy
8:00:00 AM,30,Monday,147,32,25,4,208,heavy
8:15:00 AM,30,Monday,138,39,45,4,226,heavy
8:30:00 AM,30,Monday,149,16,49,1,215,heavy
8:45:00 AM,30,Monday,139,10,50,2,201,heavy
9:00:00 AM,30,Monday,109,25,49,2,185,heavy
9:30:00 AM,30,Monday,38,8,6,5,57,low
10:30:00 AM,30,Monday,55,25,33,21,134,high
2:00:00 PM,30,Monday,83,22,40,20,165,high
2:30:00 PM,30,Monday,101,22,39,19,181,heavy
2:45:00 PM,30,Monday,62,29,31,11,133,high
3:15:00 PM,30,Monday,42,22,5,9,78,low
3:30:00 PM,30,Monday,37,17,12,16,82,low
4:00:00 PM,30,Monday,137,14,41,10,202,heavy
4:15:00 PM,30,Monday,122,21,20,10,173,heavy
4:30:00 PM,30,Monday,104,19,39,9,171,heavy
4:45:00 PM,30,Monday,147,21,40,9,217,heavy
5:00:00 PM,30,Monday,105,38,34,7,184,heavy
5:15:00 PM,30,Monday,124,23,46,5,198,heavy
5:30:00 PM,30,Monday,135,18,20,5,178,heavy
5:45:00 PM,30,Monday,107,35,23,8,173,heavy
6:15:00 PM,30,Monday,136,32,26,8,202,heavy
6:30:00 PM,30,Monday,134,23,49,8,214,heavy
7:15:00 PM,30,Monday,60,21,13,6,100,low
8:00:00 PM,30,Monday,68,6,15,34,123,high
9:00:00 PM,30,Monday,67,19,12,9,107,low
9:30:00 PM,30,Monday,109,25,16,20,170,heavy
10:30:00 PM,30,Monday,15,5,1,14,35,low
11:00:00 PM,30,Monday,18,4,0,11,33,low
12:15:00 AM,31,Tuesday,19,3,0,18,40,low
12:45:00 AM,31,Tuesday,17,0,1,14,32,low
1:30:00 AM,31,Tuesday,10,2,0,18,30,low
2:30:00 AM,31,Tuesday,19,4,0,16,39,low
2:45:00 AM,31,Tuesday,16,1,0,15,32,low
3:45:00 AM,31,Tuesday,16,4,0,15,35,low
4:00:00 AM,31,Tuesday,13,0,0,16,29,low
4:30:00 AM,31,Tuesday,65,10,3,8,86,low
5:00:00 AM,31,Tuesday,60,20,5,6,91,low
5:30:00 AM,31,Tuesday,70,13,4,13,100,low
6:00:00 AM,31,Tuesday,129,31,36,1,197,heavy
6:15:00 AM,31,Tuesday,146,28,47,3,224,heavy
6:30:00 AM,31,Tuesday,137,23,27,0,187,heavy
6:45:00 AM,31,Tuesday,131,28,24,0,183,heavy
7:00:00 AM,31,Tuesday,134,10,44,0,188,heavy
7:30:00 AM,31,Tuesday,108,35,22,3,168,heavy
7:45:00 AM,31,Tuesday,146,14,37,2,199,heavy
8:00:00 AM,31,Tuesday,147,21,41,5,214,heavy
8:15:00 AM,31,Tuesday,110,34,35,0,179,heavy
8:30:00 AM,31,Tuesday,110,40,50,2,202,heavy
9:00:00 AM,31,Tuesday,145,25,20,5,195,heavy
1:15:00 PM,31,Tuesday,6,24,12,13,55,low
2:15:00 PM,31,Tuesday,60,19,14,7,100,low
3:30:00 PM,31,Tuesday,86,13,27,11,137,high
4:00:00 PM,31,Tuesday,126,24,35,8,193,heavy
4:30:00 PM,31,Tuesday,117,28,33,10,188,heavy
4:45:00 PM,31,Tuesday,144,36,49,10,239,heavy
5:00:00 PM,31,Tuesday,137,19,23,9,188,heavy
5:15:00 PM,31,Tuesday,118,19,48,5,190,heavy
5:30:00 PM,31,Tuesday,119,27,28,8,182,heavy
6:00:00 PM,31,Tuesday,117,34,36,10,197,heavy
6:15:00 PM,31,Tuesday,124,30,44,10,208,heavy
6:30:00 PM,31,Tuesday,141,36,48,5,230,heavy
8:00:00 PM,31,Tuesday,100,18,16,34,168,heavy
9:00:00 PM,31,Tuesday,69,13,13,8,103,low
9:15:00 PM,31,Tuesday,64,14,10,6,94,low
10:15:00 PM,31,Tuesday,17,5,0,14,36,low
10:30:00 PM,31,Tuesday,15,5,0,18,38,low
11:30:00 PM,31,Tuesday,14,5,0,13,32,low
12:30:00 AM,1,Wednesday,19,1,1,18,39,low
12:45:00 AM,1,Wednesday,15,5,1,12,33,low
1:30:00 AM,1,Wednesday,15,0,1,13,29,low
1:45:00 AM,1,Wednesday,18,5,1,12,36,low
2:30:00 AM,1,Wednesday,15,0,0,18,33,low
3:45:00 AM,1,Wednesday,14,1,0,12,27,low
4:00:00 AM,1,Wednesday,16,4,0,18,38,low
4:15:00 AM,1,Wednesday,56,21,3,0,80,low
5:15:00 AM,1,Wednesday,69,14,6,18,107,low
6:00:00 AM,1,Wednesday,109,38,34,5,186,heavy
6:15:00 AM,1,Wednesday,147,38,23,3,211,heavy
6:30:00 AM,1,Wednesday,135,19,48,5,207,heavy
6:45:00 AM,1,Wednesday,101,23,41,5,170,heavy
7:00:00 AM,1,Wednesday,138,21,28,1,188,heavy
7:15:00 AM,1,Wednesday,136,20,32,1,189,heavy
7:30:00 AM,1,Wednesday,123,19,25,5,172,heavy
7:45:00 AM,1,Wednesday,108,30,46,5,189,heavy
8:00:00 AM,1,Wednesday,128,15,43,5,191,heavy
8:15:00 AM,1,Wednesday,129,37,41,1,208,heavy
8:30:00 AM,1,Wednesday,127,18,28,3,176,heavy
8:45:00 AM,1,Wednesday,142,37,46,3,228,heavy
9:00:00 AM,1,Wednesday,149,26,46,1,222,heavy
1:30:00 PM,1,Wednesday,108,24,34,7,173,heavy
1:45:00 PM,1,Wednesday,108,17,33,7,165,high
2:15:00 PM,1,Wednesday,16,21,10,16,63,low
2:30:00 PM,1,Wednesday,91,22,34,8,155,high
2:45:00 PM,1,Wednesday,89,19,37,18,163,high
3:30:00 PM,1,Wednesday,76,28,39,14,157,high
4:00:00 PM,1,Wednesday,102,37,48,9,196,heavy
4:15:00 PM,1,Wednesday,115,36,41,8,200,heavy
4:30:00 PM,1,Wednesday,142,23,23,6,194,heavy
4:45:00 PM,1,Wednesday,134,15,29,8,186,heavy
5:00:00 PM,1,Wednesday,146,18,49,9,222,heavy
5:15:00 PM,1,Wednesday,126,24,48,9,207,heavy
5:30:00 PM,1,Wednesday,138,18,27,6,189,heavy
5:45:00 PM,1,Wednesday,129,13,43,6,191,heavy
6:00:00 PM,1,Wednesday,127,35,23,10,195,heavy
6:15:00 PM,1,Wednesday,144,20,22,7,193,heavy
6:30:00 PM,1,Wednesday,117,19,31,7,174,heavy
8:00:00 PM,1,Wednesday,90,7,17,31,145,high
8:15:00 PM,1,Wednesday,74,6,12,34,126,high
9:15:00 PM,1,Wednesday,71,16,14,9,110,low
10:30:00 PM,1,Wednesday,15,2,0,10,27,low
11:45:00 PM,1,Wednesday,14,1,1,17,33,low
1:30:00 AM,2,Thursday,10,4,1,11,26,low
1:45:00 AM,2,Thursday,11,0,0,16,27,low
3:00:00 AM,2,Thursday,13,1,1,13,28,low
3:30:00 AM,2,Thursday,17,5,1,15,38,low
3:45:00 AM,2,Thursday,19,3,0,13,35,low
4:00:00 AM,2,Thursday,19,3,1,12,35,low
4:15:00 AM,2,Thursday,54,15,10,8,87,low
4:30:00 AM,2,Thursday,107,0,1,2,110,low
5:00:00 AM,2,Thursday,78,2,4,9,93,low
6:00:00 AM,2,Thursday,143,33,27,1,204,heavy
6:15:00 AM,2,Thursday,133,40,37,0,210,heavy
6:30:00 AM,2,Thursday,123,37,34,4,198,heavy
6:45:00 AM,2,Thursday,133,34,36,1,204,heavy
7:15:00 AM,2,Thursday,145,10,37,0,192,heavy
7:30:00 AM,2,Thursday,141,39,40,5,225,heavy
7:45:00 AM,2,Thursday,134,12,22,2,170,heavy
8:00:00 AM,2,Thursday,126,10,26,4,166,high
8:15:00 AM,2,Thursday,136,22,31,0,189,heavy
8:30:00 AM,2,Thursday,128,26,42,4,200,heavy
8:45:00 AM,2,Thursday,106,12,28,4,150,high
9:00:00 AM,2,Thursday,140,27,36,2,205,heavy
9:15:00 AM,2,Thursday,40,20,37,28,125,high
10:00:00 AM,2,Thursday,59,5,36,12,112,high
1:30:00 PM,2,Thursday,116,21,22,17,176,heavy
2:15:00 PM,2,Thursday,70,13,12,10,105,low
3:00:00 PM,2,Thursday,24,20,15,17,76,low
4:15:00 PM,2,Thursday,113,38,45,7,203,heavy
4:30:00 PM,2,Thursday,110,31,37,7,185,heavy
4:45:00 PM,2,Thursday,126,15,26,6,173,heavy
5:00:00 PM,2,Thursday,100,15,29,7,151,high
5:15:00 PM,2,Thursday,147,28,29,10,214,heavy
5:30:00 PM,2,Thursday,146,22,50,10,228,heavy
5:45:00 PM,2,Thursday,148,23,27,5,203,heavy
6:00:00 PM,2,Thursday,149,17,41,9,216,heavy
6:15:00 PM,2,Thursday,136,32,41,7,216,heavy
6:30:00 PM,2,Thursday,101,22,33,9,165,high
6:45:00 PM,2,Thursday,87,18,13,34,152,high
7:00:00 PM,2,Thursday,50,21,14,9,94,low
7:15:00 PM,2,Thursday,63,23,19,34,139,high
7:30:00 PM,2,Thursday,73,9,11,5,98,low
8:30:00 PM,2,Thursday,62,21,10,35,128,high
8:45:00 PM,2,Thursday,100,17,16,33,166,high
9:15:00 PM,2,Thursday,102,14,15,34,165,high
9:30:00 PM,2,Thursday,68,12,15,32,127,high
10:30:00 PM,2,Thursday,12,0,0,12,24,low
11:00:00 PM,2,Thursday,15,2,1,14,32,low
12:45:00 AM,3,Friday,11,2,0,17,30,low
1:00:00 AM,3,Friday,14,1,1,11,27,low
2:00:00 AM,3,Friday,11,5,1,11,28,low
3:00:00 AM,3,Friday,17,5,0,15,37,low
4:00:00 AM,3,Friday,20,0,0,12,32,low
4:15:00 AM,3,Friday,29,10,0,12,51,low
4:30:00 AM,3,Friday,39,20,1,10,70,low
4:45:00 AM,3,Friday,76,9,7,13,105,low
5:00:00 AM,3,Friday,33,17,0,13,63,low
5:15:00 AM,3,Friday,64,14,1,12,91,low
5:30:00 AM,3,Friday,44,7,1,11,63,low
5:45:00 AM,3,Friday,53,8,4,15,80,low
6:00:00 AM,3,Friday,75,6,7,13,101,low
6:15:00 AM,3,Friday,60,11,4,10,85,low
6:30:00 AM,3,Friday,35,14,2,14,65,low
7:00:00 AM,3,Friday,27,10,2,12,51,low
7:15:00 AM,3,Friday,61,20,7,14,102,low
7:45:00 AM,3,Friday,43,18,6,14,81,low
8:00:00 AM,3,Friday,54,10,4,14,82,low
8:15:00 AM,3,Friday,30,12,1,14,57,low
8:30:00 AM,3,Friday,72,8,6,12,98,low
8:45:00 AM,3,Friday,55,17,7,15,94,low
9:00:00 AM,3,Friday,36,20,0,13,69,low
9:15:00 AM,3,Friday,168,55,10,0,233,heavy
9:30:00 AM,3,Friday,135,61,28,2,226,heavy
9:45:00 AM,3,Friday,168,68,27,2,265,heavy
10:00:00 AM,3,Friday,139,44,16,1,200,heavy
10:15:00 AM,3,Friday,156,63,12,3,234,heavy
10:30:00 AM,3,Friday,141,51,27,3,222,heavy
10:45:00 AM,3,Friday,144,44,16,3,207,heavy
11:00:00 AM,3,Friday,132,65,23,0,220,heavy
11:15:00 AM,3,Friday,180,48,17,2,247,heavy
11:30:00 AM,3,Friday,140,67,20,4,231,heavy
11:45:00 AM,3,Friday,163,62,12,0,237,heavy
12:00:00 PM,3,Friday,148,70,15,0,233,heavy
12:15:00 PM,3,Friday,134,47,22,3,206,heavy
12:30:00 PM,3,Friday,162,51,13,0,226,heavy
12:45:00 PM,3,Friday,136,49,15,1,201,heavy
1:00:00 PM,3,Friday,147,52,26,0,225,heavy
1:15:00 PM,3,Friday,174,54,25,1,254,heavy
1:30:00 PM,3,Friday,135,69,20,1,225,heavy
1:45:00 PM,3,Friday,142,55,21,1,219,heavy
2:00:00 PM,3,Friday,144,59,14,2,219,heavy
2:15:00 PM,3,Friday,180,49,17,0,246,heavy
2:30:00 PM,3,Friday,153,59,20,4,236,heavy
2:45:00 PM,3,Friday,139,43,27,3,212,heavy
3:00:00 PM,3,Friday,179,60,12,0,251,heavy
3:15:00 PM,3,Friday,76,21,6,1,104,low
3:45:00 PM,3,Friday,51,20,12,1,84,low
4:15:00 PM,3,Friday,50,24,11,0,85,low
4:30:00 PM,3,Friday,59,25,8,0,92,low
4:45:00 PM,3,Friday,90,21,0,0,111,low
5:15:00 PM,3,Friday,56,21,4,1,82,low
5:30:00 PM,3,Friday,70,25,11,2,108,low
6:00:00 PM,3,Friday,53,22,13,2,90,low
6:15:00 PM,3,Friday,59,27,5,2,93,low
7:15:00 PM,3,Friday,32,5,5,13,55,low
7:30:00 PM,3,Friday,36,6,7,2,51,low
7:45:00 PM,3,Friday,35,10,0,2,47,low
8:00:00 PM,3,Friday,40,10,5,10,65,low
8:15:00 PM,3,Friday,44,6,1,3,54,low
8:30:00 PM,3,Friday,40,6,1,3,50,low
8:45:00 PM,3,Friday,45,2,7,7,61,low
9:00:00 PM,3,Friday,44,2,6,5,57,low
9:15:00 PM,3,Friday,33,4,4,5,46,low
9:30:00 PM,3,Friday,22,5,3,13,43,low
9:45:00 PM,3,Friday,33,5,5,1,44,low
11:30:00 PM,3,Friday,18,4,1,11,34,low
12:15:00 AM,4,Saturday,16,4,1,15,36,low
12:30:00 AM,4,Saturday,10,4,1,16,31,low
1:00:00 AM,4,Saturday,15,5,0,10,30,low
1:30:00 AM,4,Saturday,15,0,0,15,30,low
2:00:00 AM,4,Saturday,14,0,1,12,27,low
2:15:00 AM,4,Saturday,10,1,0,11,22,low
2:30:00 AM,4,Saturday,18,5,0,18,41,low
2:45:00 AM,4,Saturday,12,4,0,11,27,low
4:15:00 AM,4,Saturday,74,4,4,13,95,low
6:00:00 AM,4,Saturday,102,21,42,3,168,heavy
6:15:00 AM,4,Saturday,140,35,50,0,225,heavy
6:30:00 AM,4,Saturday,105,33,29,4,171,heavy
6:45:00 AM,4,Saturday,134,26,27,1,188,heavy
7:00:00 AM,4,Saturday,123,35,45,1,204,heavy
7:15:00 AM,4,Saturday,128,31,26,0,185,heavy
7:30:00 AM,4,Saturday,105,32,43,0,180,heavy
7:45:00 AM,4,Saturday,137,13,31,5,186,heavy
8:00:00 AM,4,Saturday,148,37,46,2,233,heavy
8:15:00 AM,4,Saturday,105,14,35,2,156,high
8:30:00 AM,4,Saturday,148,17,42,5,212,heavy
8:45:00 AM,4,Saturday,116,22,30,3,171,heavy
9:00:00 AM,4,Saturday,143,28,46,1,218,heavy
9:15:00 AM,4,Saturday,30,24,13,13,80,low
9:30:00 AM,4,Saturday,74,23,35,10,142,high
9:45:00 AM,4,Saturday,67,5,36,17,125,high
10:00:00 AM,4,Saturday,59,11,33,25,128,high
10:45:00 AM,4,Saturday,73,12,32,5,122,high
1:15:00 PM,4,Saturday,47,29,28,9,113,high
1:45:00 PM,4,Saturday,114,11,40,20,185,heavy
3:00:00 PM,4,Saturday,112,16,30,11,169,heavy
3:15:00 PM,4,Saturday,120,30,28,15,193,heavy
3:30:00 PM,4,Saturday,38,27,12,18,95,low
4:00:00 PM,4,Saturday,107,28,45,8,188,heavy
4:15:00 PM,4,Saturday,100,16,49,7,172,heavy
4:30:00 PM,4,Saturday,145,15,20,9,189,heavy
4:45:00 PM,4,Saturday,133,17,22,8,180,heavy
5:00:00 PM,4,Saturday,117,36,41,10,204,heavy
5:15:00 PM,4,Saturday,113,26,26,8,173,heavy
5:45:00 PM,4,Saturday,149,33,45,10,237,heavy
6:00:00 PM,4,Saturday,134,35,26,7,202,heavy
6:15:00 PM,4,Saturday,106,11,45,9,171,heavy
6:30:00 PM,4,Saturday,121,37,34,6,198,heavy
10:00:00 PM,4,Saturday,10,1,1,12,24,low
10:30:00 PM,4,Saturday,16,4,0,16,36,low
10:45:00 PM,4,Saturday,18,1,0,18,37,low
11:45:00 PM,4,Saturday,18,1,0,16,35,low
12:15:00 AM,5,Sunday,11,5,0,14,30,low
1:15:00 AM,5,Sunday,19,1,0,11,31,low
2:45:00 AM,5,Sunday,18,4,0,11,33,low
3:30:00 AM,5,Sunday,15,3,1,12,31,low
5:45:00 AM,5,Sunday,66,20,2,16,104,low
6:00:00 AM,5,Sunday,147,26,44,5,222,heavy
6:15:00 AM,5,Sunday,139,27,29,1,196,heavy
6:30:00 AM,5,Sunday,119,31,36,5,191,heavy
7:15:00 AM,5,Sunday,105,17,29,4,155,high
7:30:00 AM,5,Sunday,124,29,41,1,195,heavy
7:45:00 AM,5,Sunday,118,19,34,1,172,heavy
8:00:00 AM,5,Sunday,101,37,32,0,170,heavy
8:15:00 AM,5,Sunday,109,11,48,1,169,heavy
8:30:00 AM,5,Sunday,143,12,23,3,181,heavy
8:45:00 AM,5,Sunday,143,40,30,0,213,heavy
9:00:00 AM,5,Sunday,128,16,34,0,178,heavy
9:15:00 AM,5,Sunday,14,25,14,16,69,low
10:15:00 AM,5,Sunday,92,3,33,21,149,high
10:30:00 AM,5,Sunday,91,16,28,9,144,high
1:30:00 PM,5,Sunday,90,30,32,8,160,high
1:45:00 PM,5,Sunday,120,21,22,14,177,heavy
2:00:00 PM,5,Sunday,120,12,40,13,185,heavy
3:30:00 PM,5,Sunday,70,18,28,5,121,high
3:45:00 PM,5,Sunday,56,17,15,8,96,low
4:00:00 PM,5,Sunday,141,15,20,6,182,heavy
4:15:00 PM,5,Sunday,150,19,46,7,222,heavy
4:30:00 PM,5,Sunday,119,37,22,8,186,heavy
4:45:00 PM,5,Sunday,144,14,44,5,207,heavy
5:00:00 PM,5,Sunday,110,25,46,6,187,heavy
5:15:00 PM,5,Sunday,138,15,31,10,194,heavy
5:30:00 PM,5,Sunday,140,35,41,5,221,heavy
5:45:00 PM,5,Sunday,103,24,28,8,163,high
6:00:00 PM,5,Sunday,142,27,30,5,204,heavy
6:15:00 PM,5,Sunday,149,13,22,9,193,heavy
6:30:00 PM,5,Sunday,126,40,39,8,213,heavy
8:00:00 PM,5,Sunday,53,19,11,18,101,low
8:45:00 PM,5,Sunday,102,6,14,35,157,high
9:30:00 PM,5,Sunday,66,12,16,33,127,high
11:45:00 PM,5,Sunday,18,4,0,18,40,low
12:30:00 AM,6,Monday,19,5,1,15,40,low
1:30:00 AM,6,Monday,15,2,1,16,34,low
2:00:00 AM,6,Monday,14,5,0,17,36,low
2:15:00 AM,6,Monday,11,3,1,10,25,low
2:45:00 AM,6,Monday,12,4,0,16,32,low
5:15:00 AM,6,Monday,94,1,9,3,107,low
5:30:00 AM,6,Monday,56,11,9,15,91,low
5:45:00 AM,6,Monday,80,16,5,10,111,low
6:00:00 AM,6,Monday,138,35,47,4,224,heavy
6:15:00 AM,6,Monday,123,27,22,4,176,heavy
6:30:00 AM,6,Monday,114,30,36,2,182,heavy
6:45:00 AM,6,Monday,122,30,37,2,191,heavy
7:00:00 AM,6,Monday,148,10,28,2,188,heavy
7:15:00 AM,6,Monday,127,38,48,0,213,heavy
7:30:00 AM,6,Monday,113,32,44,1,190,heavy
7:45:00 AM,6,Monday,131,26,40,1,198,heavy
8:00:00 AM,6,Monday,108,27,44,5,184,heavy
8:15:00 AM,6,Monday,109,19,49,3,180,heavy
8:30:00 AM,6,Monday,125,15,28,3,171,heavy
8:45:00 AM,6,Monday,139,30,35,4,208,heavy
9:00:00 AM,6,Monday,103,35,50,2,190,heavy
9:15:00 AM,6,Monday,64,13,40,12,129,high
9:45:00 AM,6,Monday,50,2,7,14,73,low
10:15:00 AM,6,Monday,99,16,39,26,180,heavy
2:00:00 PM,6,Monday,70,21,32,18,141,high
2:30:00 PM,6,Monday,51,22,12,16,101,low
4:00:00 PM,6,Monday,139,25,41,5,210,heavy
4:15:00 PM,6,Monday,109,12,49,6,176,heavy
4:30:00 PM,6,Monday,124,24,47,9,204,heavy
4:45:00 PM,6,Monday,135,29,39,7,210,heavy
5:00:00 PM,6,Monday,137,15,37,7,196,heavy
5:15:00 PM,6,Monday,119,28,46,9,202,heavy
5:30:00 PM,6,Monday,127,21,28,5,181,heavy
5:45:00 PM,6,Monday,109,37,44,9,199,heavy
6:00:00 PM,6,Monday,145,27,35,7,214,heavy
6:15:00 PM,6,Monday,133,36,28,6,203,heavy
6:30:00 PM,6,Monday,138,19,36,5,198,heavy
7:00:00 PM,6,Monday,83,11,14,33,141,high
7:45:00 PM,6,Monday,54,17,14,8,93,low
8:00:00 PM,6,Monday,58,18,14,6,96,low
8:15:00 PM,6,Monday,56,16,12,9,93,low
9:00:00 PM,6,Monday,105,14,13,32,164,high
10:15:00 PM,6,Monday,13,1,0,11,25,low
12:45:00 AM,7,Tuesday,16,3,0,15,34,low
3:00:00 AM,7,Tuesday,15,1,1,15,32,low
4:30:00 AM,7,Tuesday,60,12,8,15,95,low
5:00:00 AM,7,Tuesday,67,23,7,3,100,low
5:30:00 AM,7,Tuesday,66,6,9,5,86,low
6:00:00 AM,7,Tuesday,121,22,30,0,173,heavy
6:15:00 AM,7,Tuesday,130,27,39,5,201,heavy
6:30:00 AM,7,Tuesday,139,31,44,3,217,heavy
6:45:00 AM,7,Tuesday,129,14,43,5,191,heavy
7:00:00 AM,7,Tuesday,131,28,43,5,207,heavy
7:15:00 AM,7,Tuesday,119,39,24,1,183,heavy
7:30:00 AM,7,Tuesday,142,25,34,5,206,heavy
7:45:00 AM,7,Tuesday,123,22,22,3,170,heavy
8:15:00 AM,7,Tuesday,115,39,20,2,176,heavy
8:30:00 AM,7,Tuesday,111,17,32,1,161,high
9:00:00 AM,7,Tuesday,126,31,48,2,207,heavy
10:00:00 AM,7,Tuesday,51,14,33,14,112,high
1:30:00 PM,7,Tuesday,101,21,34,18,174,heavy
1:45:00 PM,7,Tuesday,98,29,34,12,173,heavy
2:15:00 PM,7,Tuesday,75,24,27,7,133,high
2:30:00 PM,7,Tuesday,71,21,38,11,141,high
2:45:00 PM,7,Tuesday,119,13,32,7,171,heavy
3:00:00 PM,7,Tuesday,114,11,39,13,177,heavy
3:45:00 PM,7,Tuesday,114,26,16,20,176,heavy
4:00:00 PM,7,Tuesday,120,32,39,9,200,heavy
4:15:00 PM,7,Tuesday,143,24,35,6,208,heavy
4:30:00 PM,7,Tuesday,121,28,21,5,175,heavy
4:45:00 PM,7,Tuesday,134,23,28,10,195,heavy
5:00:00 PM,7,Tuesday,103,13,37,10,163,high
5:15:00 PM,7,Tuesday,122,12,48,10,192,heavy
5:30:00 PM,7,Tuesday,145,39,23,6,213,heavy
5:45:00 PM,7,Tuesday,105,13,48,10,176,heavy
6:00:00 PM,7,Tuesday,144,13,40,10,207,heavy
6:15:00 PM,7,Tuesday,103,18,40,5,166,high
6:30:00 PM,7,Tuesday,120,15,34,8,177,heavy
7:30:00 PM,7,Tuesday,58,23,14,34,129,high
7:45:00 PM,7,Tuesday,58,13,11,33,115,high
8:30:00 PM,7,Tuesday,54,9,12,10,85,low
10:30:00 PM,7,Tuesday,18,5,0,11,34,low
12:30:00 AM,8,Wednesday,16,3,1,11,31,low
12:45:00 AM,8,Wednesday,18,2,1,13,34,low
1:00:00 AM,8,Wednesday,12,2,1,17,32,low
1:15:00 AM,8,Wednesday,17,4,1,15,37,low
1:45:00 AM,8,Wednesday,20,1,1,10,32,low
2:30:00 AM,8,Wednesday,19,0,1,13,33,low
2:45:00 AM,8,Wednesday,10,3,0,14,27,low
3:00:00 AM,8,Wednesday,17,5,1,17,40,low
3:15:00 AM,8,Wednesday,16,1,0,11,28,low
4:30:00 AM,8,Wednesday,69,18,0,12,99,low
5:15:00 AM,8,Wednesday,85,9,4,11,109,low
6:00:00 AM,8,Wednesday,133,28,31,3,195,heavy
6:15:00 AM,8,Wednesday,108,39,34,5,186,heavy
6:30:00 AM,8,Wednesday,101,12,48,1,162,high
6:45:00 AM,8,Wednesday,145,11,29,1,186,heavy
7:00:00 AM,8,Wednesday,112,33,29,3,177,heavy
7:15:00 AM,8,Wednesday,111,18,32,4,165,high
7:30:00 AM,8,Wednesday,133,39,44,2,218,heavy
7:45:00 AM,8,Wednesday,115,34,37,5,191,heavy
8:00:00 AM,8,Wednesday,135,35,38,3,211,heavy
8:15:00 AM,8,Wednesday,142,40,28,3,213,heavy
8:30:00 AM,8,Wednesday,124,11,27,2,164,high
8:45:00 AM,8,Wednesday,122,29,31,5,187,heavy
10:00:00 AM,8,Wednesday,42,25,37,12,116,high
10:15:00 AM,8,Wednesday,81,25,40,20,166,high
10:45:00 AM,8,Wednesday,84,9,31,17,141,high
2:30:00 PM,8,Wednesday,111,18,29,16,174,heavy
4:00:00 PM,8,Wednesday,145,12,24,8,189,heavy
4:15:00 PM,8,Wednesday,118,17,28,8,171,heavy
4:30:00 PM,8,Wednesday,145,20,47,8,220,heavy
4:45:00 PM,8,Wednesday,140,25,46,10,221,heavy
5:00:00 PM,8,Wednesday,120,35,43,7,205,heavy
5:15:00 PM,8,Wednesday,126,24,31,7,188,heavy
5:30:00 PM,8,Wednesday,106,22,43,5,176,heavy
5:45:00 PM,8,Wednesday,137,40,28,9,214,heavy
6:00:00 PM,8,Wednesday,108,40,25,6,179,heavy
6:15:00 PM,8,Wednesday,135,15,50,6,206,heavy
6:30:00 PM,8,Wednesday,121,21,49,8,199,heavy
7:30:00 PM,8,Wednesday,56,14,14,31,115,high
10:00:00 PM,8,Wednesday,16,5,0,14,35,low
11:15:00 PM,8,Wednesday,18,5,1,15,39,low
11:45:00 PM,8,Wednesday,10,5,0,14,29,low
1:00:00 AM,9,Thursday,18,3,0,14,35,low
1:15:00 AM,9,Thursday,11,2,0,12,25,low
1:30:00 AM,9,Thursday,17,1,1,13,32,low
2:30:00 AM,9,Thursday,12,3,0,17,32,low
4:00:00 AM,9,Thursday,12,0,1,16,29,low
4:30:00 AM,9,Thursday,71,22,5,2,100,low
5:15:00 AM,9,Thursday,62,12,3,18,95,low
6:00:00 AM,9,Thursday,141,30,31,1,203,heavy
6:15:00 AM,9,Thursday,126,31,33,2,192,heavy
6:30:00 AM,9,Thursday,112,26,30,4,172,heavy
6:45:00 AM,9,Thursday,112,12,38,4,166,high
7:00:00 AM,9,Thursday,144,14,33,4,195,heavy
7:15:00 AM,9,Thursday,127,13,36,1,177,heavy
7:30:00 AM,9,Thursday,146,10,44,5,205,heavy
7:45:00 AM,9,Thursday,146,22,26,4,198,heavy
8:00:00 AM,9,Thursday,101,10,48,5,164,high
8:30:00 AM,9,Thursday,150,20,43,0,213,heavy
8:45:00 AM,9,Thursday,110,35,45,2,192,heavy
9:00:00 AM,9,Thursday,139,15,28,2,184,heavy
9:15:00 AM,9,Thursday,99,17,32,7,155,high
10:15:00 AM,9,Thursday,54,1,35,26,116,high
10:30:00 AM,9,Thursday,26,16,13,16,71,low
10:45:00 AM,9,Thursday,99,18,39,19,175,heavy
1:45:00 PM,9,Thursday,62,23,38,19,142,high
2:15:00 PM,9,Thursday,35,20,10,8,73,low
3:00:00 PM,9,Thursday,53,21,6,11,91,low
3:15:00 PM,9,Thursday,99,16,38,7,160,high
3:30:00 PM,9,Thursday,86,21,31,18,156,high
3:45:00 PM,9,Thursday,79,28,35,13,155,high
4:00:00 PM,9,Thursday,146,25,33,8,212,heavy
4:15:00 PM,9,Thursday,116,24,36,6,182,heavy
4:30:00 PM,9,Thursday,107,14,44,5,170,heavy
4:45:00 PM,9,Thursday,115,20,27,9,171,heavy
5:00:00 PM,9,Thursday,113,23,43,6,185,heavy
5:15:00 PM,9,Thursday,102,20,31,5,158,high
5:30:00 PM,9,Thursday,138,27,21,7,193,heavy
5:45:00 PM,9,Thursday,146,13,38,9,206,heavy
6:00:00 PM,9,Thursday,139,33,41,7,220,heavy
6:15:00 PM,9,Thursday,130,24,48,9,211,heavy
6:30:00 PM,9,Thursday,135,31,34,8,208,heavy
7:00:00 PM,9,Thursday,109,23,14,26,172,heavy
8:30:00 PM,9,Thursday,67,19,11,8,105,low
8:45:00 PM,9,Thursday,61,14,10,5,90,low
9:15:00 PM,9,Thursday,91,5,12,34,142,high
11:45:00 PM,9,Thursday,14,3,1,15,33,low
